USUARIO_REM,ID_OFICINA,ID_ENTIDAD,,
rdelaplaza,6701,3058,,
rdelaplaza,814,3058,,
rdelaplaza,1801,3058,,
rdelaplaza,1804,3058,,
rdelaplaza,1805,3058,,
rdelaplaza,789,3058,,
rdelaplaza,1807,3058,,
rdelaplaza,1802,3058,,
rdelaplaza,765,3058,,
rdelaplaza,788,3058,,
rdelaplaza,837,3058,,
rdelaplaza,842,3058,,
rdelaplaza,961,3058,,
eespinosa,3407,3058,,
eespinosa,3402,3058,,
eespinosa,3401,3058,,
eespinosa,3409,3058,,
eespinosa,3406,3058,,
eespinosa,3408,3058,,
eespinosa,3404,3058,,
eespinosa,3410,3058,,
rdelaplaza,4604,3058,,
rdelaplaza,4601,3058,,
rdelaplaza,4603,3058,,
rdelaplaza,4600,3058,,
rdelaplaza,4605,3058,,
eespinosa,701,3058,,
eespinosa,703,3058,,
eespinosa,713,3058,,
eespinosa,878,3058,,
eespinosa,812,3058,,
eespinosa,787,3058,,
eespinosa,706,3058,,
eespinosa,761,3058,,
eespinosa,708,3058,,
eespinosa,709,3058,,
eespinosa,710,3058,,
eespinosa,763,3058,,
rdelaplaza,781,3058,,
rdelaplaza,821,3058,,
rdelaplaza,786,3058,,
eespinosa,777,3058,,
rdelaplaza,832,3058,,
eespinosa,757,3058,,
eespinosa,792,3058,,
eespinosa,712,3058,,
eespinosa,754,3058,,
eespinosa,715,3058,,
eespinosa,716,3058,,
rdelaplaza,721,3058,,
eespinosa,717,3058,,
eespinosa,718,3058,,
eespinosa,719,3058,,
eespinosa,750,3058,,
eespinosa,722,3058,,
eespinosa,714,3058,,
rdelaplaza,782,3058,,
eespinosa,724,3058,,
rdelaplaza,776,3058,,
rdelaplaza,822,3058,,
rdelaplaza,860,3058,,
eespinosa,744,3058,,
eespinosa,825,3058,,
rdelaplaza,762,3058,,
rdelaplaza,746,3058,,
rdelaplaza,751,3058,,
rdelaplaza,752,3058,,
rdelaplaza,767,3058,,
rdelaplaza,771,3058,,
rdelaplaza,778,3058,,
rdelaplaza,780,3058,,
rdelaplaza,785,3058,,
rdelaplaza,810,3058,,
rdelaplaza,811,3058,,
rdelaplaza,820,3058,,
rdelaplaza,823,3058,,
rdelaplaza,824,3058,,
rdelaplaza,847,3058,,
rdelaplaza,851,3058,,
rdelaplaza,853,3058,,
rdelaplaza,854,3058,,
rdelaplaza,868,3058,,
rdelaplaza,872,3058,,
rdelaplaza,879,3058,,
rdelaplaza,726,3058,,
rdelaplaza,797,3058,,
rdelaplaza,844,3058,,
rdelaplaza,883,3058,,
rdelaplaza,834,3058,,
eespinosa,727,3058,,
eespinosa,759,3058,,
eespinosa,728,3058,,
rdelaplaza,760,3058,,
eespinosa,729,3058,,
eespinosa,730,3058,,
rdelaplaza,768,3058,,
rdelaplaza,731,3058,,
eespinosa,784,3058,,
eespinosa,884,3058,,
rdelaplaza,793,3058,,
eespinosa,734,3058,,
eespinosa,736,3058,,
rdelaplaza,775,3058,,
rdelaplaza,835,3058,,
eespinosa,737,3058,,
eespinosa,856,3058,,
eespinosa,739,3058,,
eespinosa,794,3058,,
eespinosa,799,3058,,
eespinosa,740,3058,,
eespinosa,764,3058,,
eespinosa,748,3058,,
eespinosa,741,3058,,
eespinosa,742,3058,,
eespinosa,769,3058,,
eespinosa,743,3058,,
eespinosa,705,3058,,
eespinosa,735,3058,,
eespinosa,738,3058,,
eespinosa,866,3058,,
eespinosa,733,3058,,
eespinosa,880,3058,,
eespinosa,732,3058,,
eespinosa,770,3058,,
eespinosa,747,3058,,
rdelaplaza,818,3058,,
rdelaplaza,774,3058,,
rdelaplaza,779,3058,,
rdelaplaza,707,3058,,
rdelaplaza,756,3058,,
rdelaplaza,790,3058,,
rdelaplaza,791,3058,,
rdelaplaza,817,3058,,
rdelaplaza,828,3058,,
rdelaplaza,831,3058,,
rdelaplaza,838,3058,,
rdelaplaza,858,3058,,
rdelaplaza,773,3058,,
rdelaplaza,826,3058,,
rdelaplaza,795,3058,,
eespinosa,725,3058,,
eespinosa,755,3058,,
eespinosa,874,3058,,
eespinosa,723,3058,,
eespinosa,711,3058,,
rdelaplaza,960,3058,,
rdelaplaza,3509,3058,,
rdelaplaza,3505,3058,,
rdelaplaza,3506,3058,,
rdelaplaza,3508,3058,,
rdelaplaza,3507,3058,,
rdelaplaza,3501,3058,,
rdelaplaza,3502,3058,,
pmorera,2526,3058,,
pmorera,2590,3058,,
pmorera,2599,3058,,
pmorera,2653,3045,,
pmorera,2592,3058,,
pmorera,2507,3058,,
pmorera,2524,3058,,
pmorera,2598,3058,,
pmorera,2601,3058,,
pmorera,2503,3058,,
pmorera,2505,3058,,
pmorera,2515,3058,,
pmorera,2519,3058,,
pmorera,2594,3058,,
pmorera,2607,3058,,
pmorera,2582,3058,,
pmorera,2655,3045,,
pmorera,2650,3045,,
pmorera,2662,3045,,
pmorera,2654,3045,,
pmorera,2544,3058,,
pmorera,2548,3058,,
pmorera,2570,3058,,
pmorera,2693,3058,,
pmorera,2640,3105,,
pmorera,2644,3105,,
pmorera,2658,3045,,
pmorera,2656,3045,,
pmorera,2583,3058,,
pmorera,2636,3105,,
pmorera,2637,3105,,
pmorera,2664,3045,,
pmorera,2554,3058,,
pmorera,2530,3058,,
pmorera,2692,3058,,
pmorera,2506,3058,,
pmorera,2510,3058,,
pmorera,2564,3058,,
pmorera,2542,3058,,
pmorera,2616,3058,,
pmorera,2541,3058,,
pmorera,2553,3058,,
pmorera,2545,3058,,
pmorera,2614,3058,,
pmorera,2508,3058,,
pmorera,2514,3058,,
pmorera,2527,3058,,
pmorera,2533,3058,,
pmorera,2619,3058,,
pmorera,7248,3029,,
pmorera,7249,3029,,
pmorera,2558,3058,,
pmorera,2563,3058,,
pmorera,2633,3058,,
pmorera,2593,3058,,
pmorera,2606,3058,,
pmorera,2651,3045,,
pmorera,2652,3045,,
pmorera,2569,3058,,
pmorera,2575,3058,,
pmorera,2618,3058,,
pmorera,2694,3058,,
pmorera,2532,3058,,
pmorera,2657,3045,,
pmorera,2556,3058,,
pmorera,2613,3058,,
pmorera,2534,3058,,
pmorera,2646,3105,,
pmorera,2501,3058,,
pmorera,2550,3058,,
pmorera,2585,3058,,
pmorera,7244,3029,,
pmorera,7245,3029,,
pmorera,7241,3029,,
pmorera,7242,3029,,
pmorera,7250,3029,,
pmorera,2547,3058,,
pmorera,2536,3058,,
pmorera,2641,3105,,
pmorera,2638,3105,,
pmorera,2509,3058,,
pmorera,2596,3058,,
pmorera,2589,3058,,
pmorera,2528,3058,,
pmorera,2516,3058,,
pmorera,2581,3058,,
pmorera,2543,3058,,
pmorera,2517,3058,,
pmorera,2659,3045,,
pmorera,2665,3045,,
pmorera,2576,3058,,
pmorera,2525,3058,,
pmorera,2595,3058,,
ncolom,7396,3058,,
ncolom,7399,3058,,
ncolom,7460,3058,,
pmanez,7467,3095,,
pmanez,7476,3119,,
ncolom,7419,3058,,
ncolom,7347,3058,,
ncolom,7466,3058,,
ncolom,7416,3058,,
pmanez,7470,3112,,
pmanez,7471,3112,,
pmanez,7473,3112,,
ncolom,7343,3058,,
ncolom,7429,3058,,
ncolom,7300,3058,,
ncolom,7302,3058,,
ncolom,7304,3058,,
ncolom,7305,3058,,
ncolom,7307,3058,,
ncolom,7414,3058,,
ncolom,7435,3058,,
ncolom,7463,3058,,
ncolom,7303,3058,,
ncolom,7421,3058,,
ncolom,7422,3058,,
ncolom,7456,3058,,
pmanez,7486,3157,,
ncolom,7350,3058,,
ncolom,7391,3058,,
pmanez,2821,3102,,
pmanez,2822,3102,,
pmanez,2823,3102,,
pmanez,2824,3102,,
pmanez,7489,3160,,
ncolom,7380,3058,,
ncolom,7410,3058,,
ncolom,7342,3058,,
pmanez,7482,3135,,
pmanez,7483,3135,,
ncolom,2802,3058,,
ncolom,7378,3058,,
ncolom,7397,3058,,
ncolom,7349,3058,,
ncolom,7401,3058,,
ncolom,7409,3058,,
ncolom,7346,3058,,
ncolom,7394,3058,,
ncolom,7345,3058,,
ncolom,7413,3058,,
pmanez,7492,3165,,
pmanez,2810,3110,,
pmanez,2811,3110,,
pmanez,2812,3110,,
pmanez,2818,3110,,
ncolom,7354,3058,,
ncolom,7457,3058,,
ncolom,7400,3058,,
ncolom,7348,3058,,
ncolom,7356,3058,,
ncolom,7415,3058,,
ncolom,7464,3058,,
ncolom,7452,3058,,
ncolom,7465,3058,,
ncolom,7437,3058,,
ncolom,7453,3058,,
ncolom,7318,3058,,
ncolom,7427,3058,,
ncolom,7351,3058,,
ncolom,7384,3058,,
ncolom,7389,3058,,
ncolom,7418,3058,,
ncolom,7344,3058,,
ncolom,7368,3058,,
ncolom,7357,3058,,
ncolom,7365,3058,,
ncolom,7352,3058,,
ncolom,7392,3058,,
ncolom,7341,3058,,
ncolom,7423,3058,,
azanon,7060,3058,,
azanon,7068,3058,,
vgardel,2207,3058,,
pmorera,2130,3058,,
dmartin,7035,3058,,
dmartin,2245,3058,,
pmorera,2123,3058,,
azanon,7220,3058,,
vgardel,2117,3058,,
vgardel,2115,3058,,
vgardel,2226,3058,,
azanon,2258,3058,,
azanon,2142,3058,,
azanon,2139,3058,,
vgardel,2165,3058,,
dmartin,2290,3058,,
dmartin,2341,3058,,
vgardel,2035,3118,,
vgardel,2038,3118,,
dmartin,2166,3058,,
vgardel,2277,3058,,
vgardel,2086,3058,,
azanon,2375,3179,,
azanon,2158,3058,,
vgardel,2279,3058,,
vgardel,2288,3058,,
vgardel,7105,3058,,
pmorera,2232,3058,,
pmorera,2218,3058,,
vgardel,2140,3058,,
pmorera,7004,3058,,
azanon,7005,3058,,
pmorera,7098,3058,,
vgardel,7107,3058,,
azanon,2264,3058,,
dmartin,2239,3058,,
vgardel,2191,3058,,
vgardel,2340,3058,,
vgardel,2184,3058,,
vgardel,7124,3058,,
pmorera,2137,3058,,
vgardel,7109,3058,,
vgardel,2063,3118,,
azanon,7044,3058,,
azanon,2323,3058,,
pmorera,2129,3058,,
pmorera,2261,3058,,
pmorera,2273,3058,,
azanon,2156,3058,,
azanon,2114,3058,,
azanon,2109,3058,,
azanon,7012,3058,,
azanon,7010,3058,,
azanon,7011,3058,,
azanon,2204,3058,,
pmorera,2138,3058,,
pmorera,2126,3058,,
ncolom,2195,3058,,
pmorera,2231,3058,,
azanon,7102,3058,,
azanon,7200,3058,,
pmorera,2286,3058,,
vgardel,2268,3058,,
vgardel,2033,3118,,
vgardel,2027,3118,,
vgardel,2040,3118,,
azanon,2364,3121,,
azanon,7013,3058,,
pmorera,7008,3058,,
vgardel,2136,3058,,
vgardel,2171,3058,,
vgardel,7126,3058,,
ncolom,2009,3058,,
ncolom,2214,3058,,
azanon,2149,3058,,
azanon,2233,3058,,
azanon,7045,3058,,
ncolom,2318,3058,,
ncolom,2145,3058,,
azanon,2154,3058,,
vgardel,7088,3058,,
vgardel,2008,3058,,
vgardel,2122,3058,,
vgardel,2257,3058,,
pmorera,2181,3058,,
azanon,7078,3058,,
azanon,7064,3058,,
vgardel,7117,3058,,
azanon,2372,3152,,
azanon,2087,3058,,
pmorera,7116,3058,,
azanon,7049,3058,,
pmorera,2267,3058,,
vgardel,2133,3058,,
azanon,7074,3058,,
pmorera,2143,3058,,
azanon,7097,3058,,
azanon,7028,3058,,
vgardel,7123,3058,,
vgardel,7100,3058,,
pmorera,7054,3058,,
pmorera,2278,3058,,
pmorera,2124,3058,,
azanon,2365,3121,,
dmartin,2013,3058,,
vgardel,2132,3058,,
azanon,2176,3058,,
azanon,2131,3058,,
dmartin,7119,3058,,
azanon,2135,3058,,
dmartin,2015,3058,,
dmartin,2248,3058,,
pmorera,2287,3058,,
azanon,2186,3058,,
azanon,7025,3058,,
pmorera,2118,3058,,
pmorera,7065,3058,,
vgardel,2041,3118,,
vgardel,2061,3118,,
azanon,2157,3058,,
azanon,7046,3058,,
azanon,7047,3058,,
pmorera,2262,3058,,
pmorera,2260,3058,,
vgardel,2018,3058,,
pmorera,2141,3058,,
pmorera,2147,3058,,
pmorera,2213,3058,,
pmorera,2221,3058,,
vgardel,2029,3118,,
vgardel,2043,3118,,
dmartin,2010,3058,,
dmartin,2234,3058,,
azanon,2294,3058,,
vgardel,2032,3118,,
vgardel,2025,3118,,
dmartin,2276,3058,,
dmartin,2253,3058,,
azanon,2293,3058,,
azanon,2121,3058,,
dmartin,2182,3058,,
pmorera,2269,3058,,
azanon,7075,3058,,
azanon,7076,3058,,
azanon,7001,3058,,
azanon,7080,3058,,
azanon,7027,3058,,
vgardel,2193,3058,,
azanon,7031,3058,,
azanon,2270,3058,,
ncolom,2177,3058,,
azanon,7002,3058,,
dmartin,2344,3058,,
dmartin,2275,3058,,
azanon,7048,3058,,
azanon,7081,3058,,
vgardel,2205,3058,,
vgardel,2111,3058,,
vgardel,2328,3058,,
vgardel,2283,3058,,
azanon,2217,3058,,
vgardel,2148,3058,,
vgardel,2028,3118,,
vgardel,2024,3118,,
vgardel,2026,3118,,
vgardel,2030,3118,,
vgardel,2036,3118,,
vgardel,2044,3118,,
vgardel,2051,3118,,
azanon,7073,3058,,
azanon,2196,3058,,
azanon,2295,3058,,
azanon,7271,3123,,
azanon,7083,3058,,
azanon,7090,3058,,
dmartin,2240,3058,,
dmartin,2342,3058,,
dmartin,2289,3058,,
dmartin,2266,3058,,
dmartin,2307,3058,,
dmartin,2001,3058,,
dmartin,2003,3058,,
dmartin,2007,3058,,
dmartin,2012,3058,,
dmartin,2023,3058,,
dmartin,2161,3058,,
dmartin,2203,3058,,
dmartin,2223,3058,,
dmartin,2224,3058,,
dmartin,2230,3058,,
dmartin,2237,3058,,
dmartin,2241,3058,,
dmartin,2244,3058,,
dmartin,2249,3058,,
dmartin,2252,3058,,
dmartin,2316,3058,,
azanon,2179,3058,,
azanon,2235,3058,,
azanon,2243,3058,,
dmartin,2271,3058,,
dmartin,2100,3058,,
dmartin,2210,3058,,
dmartin,2354,3058,,
dmartin,2005,3058,,
dmartin,2016,3058,,
dmartin,2108,3058,,
dmartin,2190,3058,,
dmartin,2219,3058,,
dmartin,2225,3058,,
dmartin,2228,3058,,
dmartin,2229,3058,,
dmartin,2246,3058,,
dmartin,2254,3058,,
dmartin,2292,3058,,
dmartin,2308,3058,,
dmartin,2348,3058,,
dmartin,7024,3058,,
pmorera,2146,3058,,
azanon,7017,3058,,
azanon,2366,3121,,
azanon,2265,3058,,
vgardel,2339,3058,,
vgardel,2263,3058,,
azanon,2371,3152,,
azanon,2153,3058,,
pmorera,2116,3058,,
vgardel,2192,3058,,
dmartin,2011,3058,,
msanchezf,3802,3058,,
msanchezf,7022,3058,,
msanchezf,7014,3058,,
msanchezf,3801,3058,,
msanchezf,7086,3058,,
msanchezf,7040,3058,,
msanchezf,3803,3058,,
ofernandez,5901,3058,,
ofernandez,5902,3058,,
ofernandez,5305,3058,,
ofernandez,5301,3058,,
ofernandez,5303,3058,,
ofernandez,5309,3058,,
ofernandez,5311,3058,,
ofernandez,5307,3058,,
msanchezf,6701,3058,,
ofernandez,5603,3058,,
ofernandez,5601,3058,,
ofernandez,5602,3058,,
ofernandez,6002,3058,,
ofernandez,6001,3058,,
msanchezf,4703,3058,,
msanchezf,4701,3058,,
msanchezf,4704,3058,,
msanchezf,4702,3058,,
ofernandez,6401,3058,6401,
ofernandez,6402,3058,6402,
msanchezf,7093,3058,,
msanchezf,7072,3058,,
msanchezf,7042,3058,,
msanchezf,7039,3058,,
msanchezf,2950,3058,,
msanchezf,3703,3058,,
ofernandez,5413,3058,,
ofernandez,5411,3058,,
ofernandez,5401,3058,,
ofernandez,5402,3058,,
ofernandez,5406,3058,,
ofernandez,5412,3058,,
ofernandez,5407,3058,,
ofernandez,5414,3058,,
ofernandez,5404,3058,,
ofernandez,5410,3058,,
ofernandez,5403,3058,,
ofernandez,5409,3058,,
msanchezf,988,3058,,
msanchezf,1910,3058,,
msanchezf,978,3058,,
msanchezf,1930,3058,,
msanchezf,1938,3058,,
msanchezf,1929,3058,,
msanchezf,968,3058,,
msanchezf,984,3058,,
msanchezf,1911,3058,,
msanchezf,977,3058,,
msanchezf,1918,3058,,
msanchezf,983,3058,,
msanchezf,962,3058,,
msanchezf,963,3058,,
msanchezf,971,3058,,
msanchezf,972,3058,,
msanchezf,1906,3058,,
msanchezf,1907,3058,,
msanchezf,1912,3058,,
msanchezf,1916,3058,,
msanchezf,964,3058,,
msanchezf,966,3058,,
msanchezf,967,3058,,
msanchezf,985,3058,,
msanchezf,1908,3058,,
msanchezf,1909,3058,,
msanchezf,1915,3058,,
msanchezf,1919,3058,,
msanchezf,1920,3058,,
msanchezf,1931,3058,,
msanchezf,969,3058,,
msanchezf,979,3058,,
msanchezf,1901,3058,,
msanchezf,980,3058,,
msanchezf,1935,3058,,
msanchezf,1914,3058,,
msanchezf,1900,3058,,
msanchezf,1913,3058,,
msanchezf,4801,3058,,
msanchezf,4803,3058,,
msanchezf,4804,3058,,
msanchezf,4802,3058,,
ofernandez,6601,3058,,
ofernandez,5216,3058,,
ofernandez,5222,3058,,
ofernandez,5221,3058,,
ofernandez,5207,3058,,
ofernandez,5219,3058,,
ofernandez,5220,3058,,
ofernandez,5212,3058,,
ofernandez,5223,3058,,
ofernandez,5201,3058,,
ofernandez,5202,3058,,
ofernandez,5204,3058,,
ofernandez,5205,3058,,
ofernandez,5213,3058,,
ofernandez,5206,3058,,
ofernandez,5210,3058,,
ofernandez,5215,3058,,
msanchezf,4902,3058,,4902
msanchezf,4901,3058,,4901
ofernandez,5702,3058,,
ofernandez,5701,3058,,
ofernandez,2902,3058,,
ofernandez,2901,3058,,
msanchezf,5801,3058,,
msanchezf,4402,3058,,
ofernandez,5032,3058,,
ofernandez,5033,3058,,
ofernandez,5059,3058,,
ofernandez,5066,3058,,
ofernandez,5020,3058,,
ofernandez,5018,3058,,
ofernandez,5077,3058,,
ofernandez,5079,3058,,
ofernandez,5063,3058,,
ofernandez,5056,3058,,
ofernandez,5057,3058,,
ofernandez,5048,3058,,
ofernandez,5068,3058,,
ofernandez,5067,3058,,
ofernandez,5058,3058,,
ofernandez,5060,3058,,
ofernandez,5051,3058,,
ofernandez,5049,3058,,
ofernandez,5040,3058,,
ofernandez,5023,3058,,
ofernandez,5065,3058,,
ofernandez,5047,3058,,
ofernandez,5039,3058,,
ofernandez,5037,3058,,
ofernandez,5053,3058,,
ofernandez,5016,3058,,
ofernandez,5004,3058,,
ofernandez,5009,3058,,
ofernandez,5021,3058,,
ofernandez,5029,3058,,
ofernandez,5082,3058,,
ofernandez,5001,3058,,
ofernandez,5003,3058,,
ofernandez,5005,3058,,
ofernandez,5008,3058,,
ofernandez,5010,3058,,
ofernandez,5011,3058,,
ofernandez,5013,3058,,
ofernandez,5015,3058,,
ofernandez,5080,3058,,
ofernandez,5073,3058,,
ofernandez,5034,3058,,
ofernandez,5035,3058,,
ofernandez,5503,3058,,
ofernandez,5501,3058,,
ofernandez,5502,3058,,
msanchezf,4203,3058,,
msanchezf,4204,3058,,
msanchezf,4201,3058,,
jhernandez,3,3058,,
jhernandez,1,3058,,
jhernandez,123,3058,,
jhernandez,129,3058,,
jhernandez,175,3058,,
spalma,1008,3058,,
spalma,2,3058,,
spalma,91,3058,,
jhernandez,21,3058,,
bcanadas,0,3058,,
bcanadas,10,3058,,
bcanadas,33,3058,,
bcanadas,65,3058,,
bcanadas,66,3058,,
bcanadas,75,3058,,
bcanadas,76,3058,,
bcanadas,79,3058,,
bcanadas,81,3058,,
bcanadas,85,3058,,
bcanadas,86,3058,,
bcanadas,88,3058,,
bcanadas,92,3058,,
bcanadas,94,3058,,
bcanadas,98,3058,,
bcanadas,103,3058,,
bcanadas,114,3058,,
bcanadas,116,3058,,
bcanadas,119,3058,,
bcanadas,121,3058,,
bcanadas,127,3058,,
bcanadas,130,3058,,
bcanadas,157,3058,,
bcanadas,158,3058,,
bcanadas,159,3058,,
bcanadas,73,3058,,
spalma,62,3058,,
spalma,1005,3058,,
jhernandez,5,3058,,
jhernandez,41,3058,,
bcanadas,71,3058,,
jhernandez,9,3058,,
jhernandez,13,3058,,
bcanadas,12,3058,,
bcanadas,182,3058,,
jhernandez,11,3058,,
spalma,30,3058,,
jhernandez,36,3058,,
spalma,23,3058,,
jhernandez,8,3058,,
bcanadas,52,3058,,
jhernandez,7,3058,,
jhernandez,35,3058,,
jhernandez,77,3058,,
jhernandez,90,3058,,
jhernandez,97,3058,,
jhernandez,117,3058,,
jhernandez,147,3058,,
jhernandez,148,3058,,
jhernandez,163,3058,,
jhernandez,38,3058,,
jhernandez,14,3058,,
jhernandez,107,3058,,
jhernandez,54,3058,,
bcanadas,44,3058,,
bcanadas,145,3058,,
bcanadas,146,3058,,
spalma,17,3058,,
spalma,113,3058,,
bcanadas,61,3058,,
bcanadas,185,3058,,
jhernandez,133,3058,,
jhernandez,89,3058,,
jhernandez,15,3058,,
jhernandez,155,3058,,
jhernandez,64,3058,,
jhernandez,57,3058,,
jhernandez,46,3058,,
spalma,186,3058,,
bcanadas,47,3058,,
spalma,29,3058,,
jhernandez,39,3058,,
jhernandez,126,3058,,
bcanadas,152,3058,,
bcanadas,194,3058,,
spalma,100,3058,,
spalma,56,3058,,
bcanadas,74,3058,,
jhernandez,87,3058,,
jhernandez,42,3058,,
spalma,6,3058,,
spalma,303,3058,,
spalma,60,3058,,
jhernandez,40,3058,,
jhernandez,82,3058,,
jhernandez,83,3058,,
jhernandez,112,3058,,
jhernandez,187,3058,,
jhernandez,96,3058,,
bcanadas,67,3058,,
bcanadas,181,3058,,
jhernandez,132,3058,,
spalma,32,3058,,
bcanadas,48,3058,,
bcanadas,16,3058,,
spalma,18,3058,,
jhernandez,34,3058,,
spalma,25,3058,,
spalma,24,3058,,
spalma,125,3058,,
bcanadas,95,3058,,
bcanadas,191,3058,,
jhernandez,50,3058,,
spalma,22,3058,,
jhernandez,101,3058,,
spalma,55,3058,,
bcanadas,93,3058,,
bcanadas,118,3058,,
bcanadas,111,3058,,
bcanadas,124,3058,,
bcanadas,102,3058,,
bcanadas,108,3058,,
bcanadas,110,3058,,
bcanadas,115,3058,,
bcanadas,120,3058,,
bcanadas,140,3058,,
bcanadas,149,3058,,
bcanadas,151,3058,,
bcanadas,153,3058,,
bcanadas,167,3058,,
bcanadas,1003,3058,,
jhernandez,80,3058,,
bcanadas,162,3058,,
bcanadas,189,3058,,
bcanadas,1004,3058,,
jhernandez,106,3058,,
spalma,27,3058,,
spalma,122,3058,,
bcanadas,131,3058,,
jhernandez,137,3058,,
jhernandez,20,3058,,
spalma,128,3058,,
spalma,170,3058,,
spalma,28,3058,,
jhernandez,138,3058,,
spalma,198,3058,,
spalma,31,3058,,
bcanadas,49,3058,,
bcanadas,192,3058,,
jhernandez,109,3058,,
jhernandez,166,3058,,
jhernandez,168,3058,,
jhernandez,174,3058,,
jhernandez,188,3058,,
spalma,26,3058,,
spalma,139,3058,,
spalma,193,3058,,
emoreno,3014,3058,,
emoreno,3012,3058,,
emoreno,3006,3058,,
emoreno,3027,3058,,
spalma,3011,3058,,
emoreno,3017,3058,,
emoreno,3021,3058,,
emoreno,3024,3058,,
emoreno,3007,3058,,
emoreno,3008,3058,,
emoreno,3009,3058,,
emoreno,3013,3058,,
emoreno,3018,3058,,
emoreno,3023,3058,,
jhernandez,3002,3058,,
spalma,3028,3058,,
emoreno,3015,3058,,
emoreno,3010,3058,,
emoreno,3022,3058,,
emoreno,3001,3058,,
emoreno,3020,3058,,
emoreno,3003,3058,,
emoreno,3016,3058,,
emoreno,3201,3058,,
emoreno,3204,3058,,
emoreno,3203,3058,,
emoreno,3202,3058,,
emoreno,3205,3058,,
emoreno,3207,3058,,
aromera,398,3058,,
bgonzalezn,422,3058,422,
aromera,215,3058,,
aromera,231,3058,,
aromera,323,3058,,
aromera,393,3058,,
aromera,395,3058,,
bgonzalezn,273,3058,,
mguitart,382,3058,,
mguitart,255,3058,,
mguitart,316,3058,,
bgonzalezn,258,3058,258,
bgonzalezn,328,3058,,
aromera,240,3058,,
mguitart,392,3058,,
mguitart,202,3058,,
aromera,213,3058,,
aromera,250,3058,,
mguitart,363,3058,,
bgonzalezn,226,3058,226,
bgonzalezn,253,3058,253,
mguitart,406,3058,,
aromera,265,3058,,
aromera,425,3058,,
bgonzalezn,237,3058,237,
bgonzalezn,207,3058,207,
aromera,290,3058,,
mguitart,410,3058,,
mguitart,301,3058,,
bgonzalezn,421,3058,421,
bgonzalezn,267,3058,267,
bgonzalezn,369,3058,369,
bgonzalezn,214,3058,214,
mguitart,284,3058,,
mguitart,325,3058,,
mguitart,245,3058,,
mguitart,278,3058,,
mguitart,353,3058,,
mguitart,208,3058,,
mguitart,220,3058,,
mguitart,280,3058,,
mguitart,288,3058,,
mguitart,291,3058,,
mguitart,311,3058,,
mguitart,349,3058,,
mguitart,364,3058,,
mguitart,381,3058,,
mguitart,409,3058,,
aromera,309,3058,,
bgonzalezn,230,3058,230,
bgonzalezn,272,3058,272,
bgonzalezn,221,3058,221,
bgonzalezn,365,3058,365,
bgonzalezn,256,3058,256,
bgonzalezn,302,3058,302,
bgonzalezn,390,3058,390,
aromera,229,3058,,
mguitart,219,3058,,
mguitart,384,3058,,
mguitart,227,3058,,
mguitart,465,3058,,
mguitart,276,3058,,
aromera,224,3058,,
mguitart,320,3058,,
bgonzalezn,332,3058,,
bgonzalezn,377,3058,377,
aromera,222,3058,,
mguitart,427,3058,,
aromera,356,3058,,
mguitart,212,3058,,
bgonzalezn,428,3058,428,
bgonzalezn,433,3058,433,
aromera,351,3058,,
mguitart,209,3058,,
mguitart,254,3058,,
bgonzalezn,246,3058,246,
bgonzalezn,287,3058,287,
mguitart,217,3058,,
aromera,339,3058,,
aromera,247,3058,,
aromera,201,3058,,
aromera,251,3058,,
aromera,260,3058,,
aromera,263,3058,,
aromera,305,3058,,
aromera,343,3058,,
aromera,387,3058,,
aromera,405,3058,,
bgonzalezn,279,3058,279,
mguitart,426,3058,,
mguitart,370,3058,,
mguitart,234,3058,,
mguitart,397,3058,,
mguitart,371,3058,,
aromera,203,3058,,
aromera,307,3058,,
mguitart,211,3058,,
aromera,380,3058,,
aromera,271,3058,,
aromera,362,3058,,
aromera,411,3058,,
aromera,248,3058,,
aromera,257,3058,,
aromera,292,3058,,
aromera,334,3058,,
mguitart,357,3058,,
aromera,347,3058,,
bgonzalezn,259,3058,259,
bgonzalezn,338,3058,338,
bgonzalezn,396,3058,396,
bgonzalezn,232,3058,232,
bgonzalezn,293,3058,,
bgonzalezn,330,3058,,
bgonzalezn,372,3058,,
bgonzalezn,360,3058,,
bgonzalezn,283,3058,,
bgonzalezn,304,3058,,
bgonzalezn,329,3058,,
bgonzalezn,341,3058,,
bgonzalezn,200,3058,,
bgonzalezn,236,3058,,
bgonzalezn,243,3058,,
bgonzalezn,252,3058,,
bgonzalezn,264,3058,,
bgonzalezn,269,3058,,
bgonzalezn,286,3058,,
bgonzalezn,289,3058,,
bgonzalezn,295,3058,,
bgonzalezn,296,3058,,
bgonzalezn,308,3058,,
bgonzalezn,327,3058,,
bgonzalezn,359,3058,,
bgonzalezn,361,3058,,
bgonzalezn,437,3058,,
bgonzalezn,440,3058,,
aromera,242,3058,,
aromera,319,3058,,
mguitart,331,3058,,
mguitart,318,3058,,
aromera,374,3058,,
bgonzalezn,241,3058,241,
mguitart,210,3058,,
bgonzalezn,354,3058,,
aromera,206,3058,,
aromera,204,3058,,
aromera,266,3058,,
aromera,417,3058,,
aromera,216,3058,,
mguitart,223,3058,,
mguitart,429,3058,,
mguitart,239,3058,,
mguitart,294,3058,,
mguitart,270,3058,,
mguitart,218,3058,,
mguitart,238,3058,,
bgonzalezn,324,3058,,
aromera,249,3058,,
mguitart,379,3058,,
aromera,297,3058,,
aromera,385,3058,,
mguitart,335,3058,,
mguitart,228,3058,,
bgonzalezn,389,3058,389,
aromera,306,3058,,
aromera,205,3058,,
aromera,262,3058,,
bgonzalezn,432,3058,432,
aromera,235,3058,,
aromera,233,3058,,
tbuendia,4525,3058,,
tbuendia,4502,3058,,
tbuendia,4561,3058,,
tbuendia,4550,3058,,
tbuendia,4565,3058,,
tbuendia,4509,3058,,
tbuendia,4522,3058,,
tbuendia,4513,3058,,
tbuendia,4505,3058,,
tbuendia,4562,3058,,
tbuendia,4501,3058,,
tbuendia,4510,3058,,
tbuendia,4517,3058,,
tbuendia,4521,3058,,
tbuendia,4530,3058,,
tbuendia,4532,3058,,
tbuendia,4524,3058,,
tbuendia,4504,3058,,
tbuendia,4533,3058,,
tbuendia,4503,3058,,
tbuendia,4564,3058,,
tbuendia,4516,3058,,
tbuendia,4514,3058,,
tbuendia,4508,3058,,
tbuendia,4506,3058,,
tbuendia,4520,3058,,
tbuendia,4531,3058,,
tbuendia,4551,3058,,
tbuendia,506,3058,,
tbuendia,538,3058,,
tbuendia,553,3058,,
tbuendia,516,3058,,
tbuendia,520,3058,,
tbuendia,523,3058,,
tbuendia,524,3058,,
tbuendia,525,3058,,
tbuendia,576,3058,,
tbuendia,555,3058,,
tbuendia,526,3058,,
tbuendia,584,3058,,
tbuendia,530,3058,,
tbuendia,565,3058,,
tbuendia,528,3058,,
tbuendia,504,3058,,
tbuendia,556,3058,,
tbuendia,572,3058,,
tbuendia,575,3058,,
tbuendia,545,3058,,
tbuendia,583,3058,,
tbuendia,585,3058,,
tbuendia,571,3058,,
tbuendia,552,3058,,
tbuendia,566,3058,,
tbuendia,501,3058,,
tbuendia,544,3058,,
tbuendia,546,3058,,
tbuendia,531,3058,,
tbuendia,500,3058,,
tbuendia,505,3058,,
tbuendia,592,3058,,
tbuendia,539,3058,,
tbuendia,590,3058,,
tbuendia,1603,3058,,
tbuendia,1601,3058,,
tbuendia,1605,3058,,
tbuendia,3702,3058,,
tbuendia,4101,3058,,
tbuendia,4004,3058,,
tbuendia,4034,3058,,
tbuendia,4001,3058,,
tbuendia,4002,3058,,
tbuendia,4036,3058,,
tbuendia,4030,3058,,
ecabrera,6146,3058,6146,
ecabrera,6147,3058,6147,
ecabrera,6134,3058,6134,
ecabrera,6123,3058,6123,
ecabrera,6138,3058,6138,
ecabrera,6136,3058,6136,
ecabrera,6143,3058,6143,
ecabrera,6114,3058,6114,
ecabrera,6129,3058,6129,
ecabrera,6149,3058,6149,
ecabrera,6128,3058,6128,
ecabrera,6145,3058,6145,
ecabrera,6131,3058,6131,
ecabrera,6139,3058,6139,
ecabrera,6108,3058,6108,
ecabrera,6127,3058,6127,
ecabrera,6110,3058,6110,
ecabrera,6141,3058,6141,
ecabrera,6103,3058,6103,
ecabrera,6124,3058,6124,
ecabrera,6144,3058,6144,
ecabrera,6109,3058,6109,
ecabrera,6101,3058,6101,
ecabrera,6102,3058,6102,
ecabrera,6117,3058,6117,
ecabrera,6106,3058,6106,
ecabrera,6135,3058,6135,
ecabrera,6112,3058,6112,
ecabrera,6100,3058,6100,
ecabrera,6115,3058,6115,
ecabrera,6119,3058,6119,
ecabrera,6120,3058,6120,
ecabrera,6122,3058,6122,
ecabrera,6125,3058,6125,
ecabrera,6130,3058,6130,
ecabrera,6148,3058,6148,
ecabrera,6150,3058,6150,
ecabrera,6140,3058,6140,
ecabrera,6116,3058,6116,
ecabrera,6118,3058,6118,
ecabrera,6126,3058,6126,
ecabrera,6121,3058,6121,
ecabrera,6133,3058,6133,
ecabrera,6113,3058,6113,
ecabrera,6104,3058,6104,
ecabrera,6111,3058,6111,
ecabrera,6142,3058,6142,
ecabrera,6105,3058,6105,
ecabrera,6107,3058,6107,
ecabrera,1308,3058,,
ecabrera,1313,3058,,
ecabrera,1306,3058,,
ecabrera,1319,3058,,
ecabrera,1309,3058,,
ecabrera,1315,3058,,
ecabrera,1307,3058,,
ecabrera,1312,3058,,
ecabrera,1314,3058,,
ecabrera,1300,3058,,
ecabrera,1320,3058,,
ecabrera,1310,3058,,
ecabrera,1303,3058,,
ecabrera,1305,3058,,
ecabrera,1311,3058,,
ecabrera,1304,3058,,
ecabrera,1301,3058,,
ecabrera,1302,3058,,
ecabrera,1317,3058,,
ecabrera,1318,3058,,
