Número Activo|Revisado|Fecha revisión título|Título de la propiedad|Subtipo de título|Ratificación|Título de la propiedad entrada|Subtipo de título entrada|Instancia de libertad arrendataria|Situación inicial de inscripción|Situación posesoria inicial|Situación inicial cargas|Situación constructiva registral|Porcentaje de propiedad|Tipo de titularidad|Protección oficial|Autorización para la transmisión|Anotación Concurso|Estado de la gestión|En construcción física|Porcentaje construcción según tasación|En construcción jurídica|Porcentaje construcción según tasación|Certificado de fin de obra|Acta fin de obra/Obra nueva terminada|Licencia primera ocupación|Boletines|Seguro decenal|Cédula de habitabilidad|Fecha contrato|Legislación aplicable|Duración contrato|Tipo arrendamiento|Notificación a arrendatarios|Tipo de expediente |Estado de la gestión|Tipo de incidencia (contingencia registral)|Estado de la gestión|Tipo de ocupación|Tipo de incidencia (Ilocalizadas)|Estado de la gestión|Detalle del deterioro|Tipo de incidencia (Otros)|Estado de la gestión
6980540|SI|01/04/2020|01|01|NA||||INS|PDTE|AFF||100|PLD|01||||||||||||||||||||||||||||
6980541|SI|01/04/2020|01|01|NA||||PDTE|PDTE|PUR||100|PLD|01||||||||||||||||||||||||||||
6980547|SI|01/04/2020|01|01|NA||||PDTE|PDTE|PUR|01|100|PLD|01||||||||||||||||||||||||||||
6980718|SI|01/04/2020|01|01|NA||||INS|PDTE|AFF||100|PLD|01||||||||||||||||||||||||||||
6981142|SI|01/04/2020|01|01|NA||||PDTE|ARR|PUR||100|PLD|01||||||||||||||||||||||||||||
6981143|SI|01/04/2020|01|01|NA||||PDTE|ARR|PUR||100|PLD|01||||||||||||||||||||||||||||
6981342|SI|02/04/2020|01|01|NA||||PDTE|PDTE|PUR||||||||||||||||||||||||||||||||
6981344|SI|02/04/2020|01|01|NA||||PDTE|PDTE|PUR||100|PLD|01||||||||||||||||||||||||||||
6981386|SI|02/04/2020|01|01|NA||||PDTE|PDTE|PUR||100|PLD|01||||||||||||||||||||||||||||
6981495|SI|02/04/2020|01|01|NA||||PDTE|PDTE|PUR||100|PLD|01||||||||||||||||||||||||||||
6981536|SI|02/04/2020|01|01|NA||||PDTE|PDTE|PUR||100|PLD|01||||||||||||||||||||||||||||
6981557|SI|02/04/2020|01|01|NA||||PDTE|PDTE|PUR||100|PLD|01||||||||||||||||||||||||||||
6981558|SI|02/04/2020|01|01|NA||||INS|PDTE|AFF||100|PLD|01||||||||||||||||||||||||||||
6981566|SI|02/04/2020|01|01|NA||||PDTE|PDTE|PUR||100|PLD|01||||||||||||||||||||||||||||
6981736|SI|03/04/2020|01|01|NA||||PDTE|PDTE|PUR||100|PLD|01||||||||||||||||||||||||||||
6981792|SI|03/04/2020|01|01|NA||||PDTE|PDTE|PUR||100|PLD|01||||||||||||||||||||||||||||
6981909|SI|03/04/2020|01|01|NA||||PDTE|PDTE|PUR||100|PLD|01||||||||||||||||||||||||||||
6981965|SI|03/04/2020|01|01|NA||||PDTE|PDTE|PUR||100|PLD|01||||||||||||||||||||||||||||
6981969|SI|03/04/2020|01|01|NA||||INS|PDTE|AFF||100|PLD|01||||||||||||||||||||||||||||
6982005|SI|03/04/2020|01|01|NA||||PDTE|PDTE|PUR||100|PLD|01||||||||||||||||||||||||||||
6982006|SI|03/04/2020|01|01|NA||||PDTE||||||||||||||||||||||||||||||||||
6982007|SI|06/04/2020|01|01|NA||||PDTE|PDTE|PUR||100|PLD|01||||||||||||||||||||||||||||
6982082|SI|06/04/2020|01|01|NA||||INS|PDTE|AFF||100|PLD|01||||||||||||||||||||||||||||
6982138|SI|06/04/2020|01|01|NA||||INS|PDTE|AFF||100|PLD|01||||||||||||||||||||||||||||
6982142|SI|06/04/2020|01|01|NA||||PDTE|PDTE|PUR||100|PLD|01||||||||||||||||||||||||||||
6982268|SI|06/04/2020|01|01|NA||||INS|PDTE|AFF||100|PLD|01||||||||||||||||||||||||||||
6982316|SI|06/04/2020|01|01|NA||||PDTE|ARR|PUR||100|PLD|01||||||||||||||||||||||||||||
6982507|SI|06/04/2020|01|01|NA||||PDTE|PDTE|PUR||100|PLD|01||||||||||||||||||||||||||||
6982572|SI|06/04/2020|02|04|NA||||PDTE|COM|PUR||100|PLD|01||||||||||||||||||||||||||||
6982695|SI|07/04/2020|01|01|NA||||PDTE|PDTE|PUR||100|PLD|01||||||||||||||||||||||||||||
6982740|SI|07/04/2020|02|04|NA||||PDTE|COM|PUR||100|PLD|01||||||||||||||||||||||||||||
6982868|SI|07/04/2020|01|01|NA||||PDTE|PDTE|PUR||100|PLD|01||||||||||||||||||||||||||||
6982909|SI|08/04/2020|01|01|NA||||PDTE|PDTE|PUR||100|PLD|01||||||||||||||||||||||||||||
6982910|SI|08/04/2020|01|01|NA||||PDTE|PDTE|PUR||100|PLD|01||||||||||||||||||||||||||||
6982944|SI|08/04/2020|01|01|NA||||PDTE|PDTE|PUR||100|PLD|01||||||||||||||||||||||||||||
6983032|SI|13/04/2020|01|01|NA||||PDTE|PDTE|PUR||100|PLD|01||||||||||||||||||||||||||||
6983414|SI|13/04/2020|01|01|NA||||PDTE|PDTE|PUR||100|PLD|01||||||||||||||||||||||||||||
6983417|SI|13/04/2020|02|SBN|NA||||PDTE|PDTE|PUR||100|PLD|01||||||||||||||||||||||||||||
6983504|SI|13/04/2020|01|01|NA||||PDTE|PDTE|PUR||100|PLD|01||||||||||||||||||||||||||||
6983505|SI|13/04/2020|01|01|NA||||PDTE|PDTE|PUR||100|PLD|01||||||||||||||||||||||||||||
6983604|SI|13/04/2020|01|01|NA||||PDTE|PDTE|PUR||100|PLD|01||||||||||||||||||||||||||||
6983641|SI|13/04/2020|01|01|NA||||PDTE|PDTE|PUR||100|PLD|01||||||||||||||||||||||||||||
6983644|SI|13/04/2020|01|01|NA||||PDTE|PDTE|PUR||100|PLD|01||||||||||||||||||||||||||||
6983674|SI|13/04/2020|01|01|NA||||INS|OBT|AFF||100|PLD|01||||||||||||||||||||||||||||
6983675|SI|13/04/2020|01|01|NA||||INS|OBT|AFF||100|PLD|01||||||||||||||||||||||||||||
6983693|SI|14/04/2020|01|01|NA||||PDTE|OBT|PUR||100|PLD|01||||||||||||||||||||||||||||
6983729|SI|01/04/2020|01|01|NA|||NO|PDTE|ARR|PUR|01|100|PLD|01||||||||||||||01/01/2018||1+3|VIV||||9|||||||
6983761|SI|14/04/2020|01|01|NA||||PDTE|PDTE|PUR||100|PLD|01||||||||||||||||||||||||||||
6983779|SI|14/04/2020|01|01|NA||||PDTE|PDTE|PUR||100|PLD|01||||||||||||||||||||||||||||
6983781|SI|14/04/2020|01|01|NA||||PDTE|PDTE|PUR||100|PLD|01||||||||||||||||||||||||||||
6983913|SI|14/04/2020|02|04|NA||||PDTE|PDTE|PUR||100|PLD|01||||||||||||||||||||||||||||
6983929|SI|17/04/2020|01|01|NA||||PDTE|PDTE|PUR||100|PLD|01||||||||||||||||||||||||||||
6984204|SI|14/04/2020|01|01|NA||||PDTE|PDTE|PUR||100|PLD|01||||||||||||||||||||||||||||
6984891|SI|14/04/2020|01|01|NA||||PDTE|PDTE|PUR||100|PLD|01||||||||||||||||||||||||||||
6984910|SI|14/04/2020|01|01|NA||||PDTE|PDTE|PUR||100|PLD|01||||||||||||||||||||||||||||
6984919|SI|14/04/2020|01|01|NA||||INS|PDTE|PUR||100|PLD|01||||||||||||||||||||||||||||
6984973|SI|14/04/2020|01|01|NA||||PDTE|PDTE|PUR||100|PLD|01||||||||||||||||||||||||||||
6984974|SI|14/04/2020|01|01|NA||||INS|PDTE|PUR||100|PLD|01||||||||||||||||||||||||||||
6985088|SI|14/04/2020|01|01|NA||||PDTE|PDTE|PUR||100|PLD|01||||||||||||||||||||||||||||
6985185|SI|14/04/2020|01|01|NA||||PDTE|PDTE|PUR||100|PLD|01||||||||||||||||||||||||||||
6985209|SI|21/04/2020|01|01|NA||||PDTE|PDTE|PUR||100|PLD|01||||||||||||||||||||||||||||
6985214|SI|23/04/2020|01|01|NA||||PDTE|PDTE|PUR||100|PLD|01||||||||||||||||||||||||||||
6985215|SI|23/04/2020|01|01|NA||||PDTE|PDTE|PUR||100|PLD|01||||||||||||||||||||||||||||
6985297|SI|23/04/2020|01|01|NA||||PDTE|PDTE|PUR||100|PLD|01||||||||||||||||||||||||||||
6985300|SI|23/04/2020|01|01|NA||||PDTE|PDTE|PUR||100|PLD|01||||||||||||||||||||||||||||
6985306|SI|23/04/2020|01|01|NA||||PDTE|PDTE|PUR||100|PLD|01||||||||||||||||||||||||||||
6985371|SI|23/04/2020|01|01|NA||||PDTE|PDTE|PUR||100|PLD|01||||||||||||||||||||||||||||
6985597|SI|23/04/2020|01|01|NA||||PDTE|PDTE|PUR||100|PLD|01||||||||||||||||||||||||||||
6985655|SI|23/04/2020|01|01|NA||||PDTE|PDTE|PUR||100|PLD|01||||||||||||||||||||||||||||
6985681|SI|23/04/2020|01|01|NA||||PDTE|PDTE|PUR||100|PLD|01||||||||||||||||||||||||||||
6985686|SI|23/04/2020|01|01|NA||||PDTE|PDTE|PUR||100|PLD|01||||||||||||||||||||||||||||
6986021|SI|23/04/2020|01|01|NA||||PDTE|PDTE|PUR||100|PLD|01||||||||||||||||||||||||||||
6986300|SI|24/04/2020|02|04|NA||||INS|COM|AFF||100|PLD|01||||||||||||||||||||||||||||
6986356|SI|27/04/2020|01|01|NA||||PDTE|PDTE|PUR||100|PLD|01||||||||||||||||||||||||||||
6986357|SI|27/04/2020|01|01|NA||||PDTE|PDTE|PUR||100|PLD|01||||||||||||||||||||||||||||
6986541|SI|28/04/2020|01|01|NA||||PDTE|PDTE|PUR||100|PLD|01||||||||||||||||||||||||||||
6986680|SI|28/04/2020|01|01|NA||||PDTE|PDTE|PUR||100|PLD|01||||||||||||||||||||||||||||
6986687|SI|28/04/2020|01|01|NA||||PDTE|PDTE|PUR||100|PLD|01||||||||||||||||||||||||||||
6986709|SI|28/04/2020|01|01|NA||||INS|PDTE|AFF||100|PLD|01||||||||||||||||||||||||||||
6986713|SI|29/04/2020|01|01|NA||||PDTE||||||||||||||||||||||||||||||||||
6986714|SI|29/04/2020|01|01|NA||||PDTE||||||||||||||||||||||||||||||||||
6986853|SI|29/04/2020|01|01|NA||||PDTE||||||||||||||||||||||||||||||||||
6986857|SI|29/04/2020|01|01|NA||||PDTE||||||||||||||||||||||||||||||||||
6986903|SI|29/04/2020|01|01|NA||||PDTE||||||||||||||||||||||||||||||||||
6986981|SI|29/04/2020|01|01|NA||||PDTE||||||||||||||||||||||||||||||||||
6986983|SI|29/04/2020|01|01|NA||||PDTE||||||||||||||||||||||||||||||||||
6987079|SI|29/04/2020|01|01|NA||||PDTE||||||||||||||||||||||||||||||||||
6987110|SI|29/04/2020|01|01|NA||||PDTE||||||||||||||||||||||||||||||||||
6987487|SI|29/04/2020|01|01|NA||||PDTE||||||||||||||||||||||||||||||||||
6987654|SI|29/04/2020|01|01|NA||||PDTE||||||||||||||||||||||||||||||||||
6988191|SI|29/04/2020|01|01|NA||||PDTE||||||||||||||||||||||||||||||||||
6988192|SI|29/04/2020|01|01|NA||||PDTE||||||||||||||||||||||||||||||||||
6988195|SI|29/04/2020|01|01|NA||||PDTE||||||||||||||||||||||||||||||||||
6988196|SI|29/04/2020|01|01|NA||||PDTE||||||||||||||||||||||||||||||||||
6988197|SI|29/04/2020|01|01|NA||||PDTE||||||||||||||||||||||||||||||||||
6988362|SI|04/05/2020|01|01|NA||||PDTE||||||||||||||||||||||||||||||||||
6988367|SI|04/05/2020|01|01|NA||||PDTE||||||||||||||||||||||||||||||||||
6988477|SI|04/05/2020|01|01|NA||||PDTE||||||||||||||||||||||||||||||||||
6988496|SI|04/05/2020|01|01|NA||||PDTE||||||||||||||||||||||||||||||||||
6988744|SI|04/05/2020|01|01|NA||||PDTE||||||||||||||||||||||||||||||||||
6988745|SI|04/05/2020|01|01|NA||||PDTE||||||||||||||||||||||||||||||||||
6988746|SI|04/05/2020|01|01|NA||||PDTE||||||||||||||||||||||||||||||||||
6988916|SI|04/05/2020|01|01|NA||||PDTE||||||||||||||||||||||||||||||||||
6782722|SI|01/04/2020|01|01|NA|||NO|PDTE|OBT|PUR|01|100|PLD|01||||02||02||||||||||||||||||||||
6782726|SI|01/04/2020|01|01|NA|||NO|PDTE|OBT|PUR|01|100|PLD|01||||02||02||||||||||||||||||||||
6782915|SI|02/04/2020|01|01|NA|||NO|PDTE|OBT|PUR|01|100|PLD|01||||02||02||||||||||||||||||||||
6787715|SI|02/04/2020|01|01|NA|||NO|PDTE|OBT|PUR|01|100|PLD|01||||02||02|||||||||||||||2|||||||
6787813|SI|02/04/2020|01|01|NA|||NO|PDTE|PDTE|PUR|01|100|PLD|01||||02||02||||||||||||||||||||||
6788080|SI|06/04/2020|01|01|NA|||SI|PDTE|PDTE|PUR|01|100|PLD|01||||02||02|||||||||||||||5|||||||
6788373|SI|06/04/2020|01|01|NA|||NO|PDTE|PDTE|PUR||100|PLD|01||||02||02||||||||||||||||||||||
6788377|SI|06/04/2020|01|01|NA|||NO|PDTE|PDTE|PUR|01|100|PLD|01||||02||02|||||||||||||||9|||||||
6788486|SI|08/04/2020|01|01|NA|||NO|PDTE|PDTE|PUR|01|100|PLD|03||||02||02||||||||||||||||||||||
6788910|SI|08/04/2020|01|01|NA|||NO|PDTE|PDTE|PUR|01|100|PLD|01||||02||02||||||||||||||||||||||
6789196|SI|08/04/2020|01|01|NA|||NO|PDTE|OBT|PUR|01|100|PLD|01||||02||02||||||||||||||||||||||
6789379|SI|08/04/2020|01|01|NA|||NO|PDTE|OBT|PUR|01|100|PLD|01||||02||02||||||||||||||||||||||
6789437|SI|08/04/2020|01|01|NA|||NO|PDTE|OBT|PUR|01|100|PLD|01||||02||02||||||||||||||||||||||
6789464|SI|08/04/2020|01|01|NA|||NO|PDTE|OBT|PUR|01|100|PLD|01||||02||02||||||||||||||||||||||
6791287|SI|08/04/2020|01|01|NA|||SI|INS|OBT|AFF|01|||||||02||||||||||||||||||||||||
6791867|SI|13/04/2020|01|01|NA|||NO|PDTE|PDTE|PUR|01|100|PLD|01||||02||02|||||||||||||||5|||||||
6796802|SI|13/04/2020|01|01|NA|||NO|PDTE|ARR|PUR|01|100|PLD|01||||02||02||||||||22/03/2019||1 AÑO|VIV|||||||||||
6797135|SI|14/04/2020|01|01|NA|||SI|PDTE|ARR|PUR|01|100|PLD|01||||02||02||||||||06/04/2018||1 AÑO|VIV|||||||||||
6797148|SI|14/04/2020|01|01|NA|||NO|PDTE|OBT|PUR|01|100|PLD|01||||02||02|||||||||||||||5|||||||
6798270|SI|14/04/2020|01|01|NA|||NO|PDTE|OBT|AJE|01|100|PLD|01||||02||02||||||||||||||||||||||
6798412|SI|14/04/2020|01|01|NA|||NO|PDTE|OBT|PUR|01|100|PLD|01||||02||02||||||||||||||||||||||
6800142|SI|14/04/2020|01|01|NA|||NO|PDTE|OBT|PUR|01|100|PLD|01||||02||02||||||||||||||||||||||
6801014|SI|14/04/2020|01|01|NA|||NO|PDTE|OBT|PUR|01|100|PLD|01||||02||02|||||||OBT|||||||||||||||
6801431|SI|14/04/2020|01|01|NA|||NO|PDTE|OBT|PUR|01|100|PLD|01||||02||02||||||||||||||||||||||
6801435|SI|14/04/2020|01|01|NA|||SI|INS|PDTE|AFF|01|100|PLD|01||||02||02|||||||||||||||9|||||||
6803408|SI|14/04/2020|01|01|NA|||NO|PDTE|PDTE|AJE|01|100|PLD|01||||02||02|||||||||||||||5|||||||
6803409|SI|14/04/2020|01|01|NA|||NO|PDTE|PDTE|PUR|01|100|PLD|02||||02||02||||||||||||||||||||||
6803411|SI|14/04/2020|01|01|NA|||NO|PDTE|PDTE|PUR|01|100|PLD|02||||02||02||||||||||||||||||||||
6803428|SI|14/04/2020|01|01|NA|||NO|PDTE|PDTE|AJE|01|100|PLD|01||||02||02|||||||||||||||5|||||||
6804136|SI|14/04/2020|01|01|NA|||NO|PDTE|OBT|PUR|01|100|PLD|01||||02||02||||||||||||||||||||||
6804138|SI|14/04/2020|01|01|NA|||NO|PDTE|OBT|AFF|01|100|PLD|01||||02||02||||||||||||||||||||||
6804149|SI|14/04/2020|01|01|NA|||SI|INS|OBT|AFF|01|100|PLD|01||||02||02||||||||||||||||||||||
6809739|SI|16/04/2020|01|01|NA|||NO|PDTE|OBT|PUR|01|100|PLD|01||||02||02|||||||OBT|||||||||||||||
6809742|SI|16/04/2020|01|01|NA|||NO|PDTE|PDTE|PUR|01|100|PLD|01||||02||02||||||||||||||||||||||
6809903|SI|16/04/2020|01|01|NA|||NO|PDTE|OBT|PUR|01|100|PLD|01||||02||02||||||||||||||||||||||
6809954|SI|16/04/2020|01|01|NA|||NO|PDTE|OBT|PUR|01|100|PLD|01||||02||02|||||||||||||||2|||||||
6810004|SI|16/04/2020|01|01|NA|||NA|PDTE|PDTE|AJE|01|100|PLD|01||||02||02||||||||||||||||||||||
6810009|SI|16/04/2020|01|01|NA|||NA|PDTE|PDTE|AJE|01|100|PLD|01||||02||02||||||||||||||||||||||
6810010|SI|16/04/2020|01|01|NA|||NA|PDTE|PDTE|AJE|01|100|PLD|01||||02||02||||||||||||||||||||||
6810023|SI|16/04/2020|01|01|NA|||SI|INS|OBT|AFF|01|100|PLD|01||||02||02||||||||||||||||||||||
6810474|SI|16/04/2020|01|01|NA|||SI|PDTE|OBT|AFF|01|100|PLD|01||||02||02||||||||||||||||||||||
6810486|SI|16/04/2020|01|01|NA|||NO|PDTE|OBT|PUR|01|100|PLD|01||||02||02|||||||||||||||5|||||||
6812065|SI|20/04/2020|01|01|NA|||SI|INS|OBT|PUR|01|100|PLD|01||||02||02||||||||||||||||||||||
6812074|SI|20/04/2020|01|01|NA|||SI|INS|OBT|AFF|01|100|PLD|01||||02||02||||||||||||||||||||||
6812117|SI|20/04/2020|01|01|NA|||SI|INS|OBT|AFF|01|100|PLD|01||||02||02||||||||||||||||||||||
6812408|SI|20/04/2020|01|01|NA|||NO|PDTE|OBT|PUR|01|100|PLD|03||||02||02||||||||||||||||||||||
6814467|SI|20/04/2020|01|01|NA|||NO|PDTE|PDTE|PUR|01|100|PLD|02||||02||02||||||||||||||||||||||
6814532|SI|20/04/2020|01|01|NA|||NO|PDTE|OBT|PUR|01|100|PLD|01||||02||02||||||||||||||||||||||
6814676|SI|20/04/2020|01|01|NA|||NO|PDTE|OBT|PUR|01|100|PLD|01||||02||02|||||||||||||||2|||||||
6814681|SI|20/04/2020|01|01|NA|||NO|PDTE|OBT|PUR|01|100|PLD|01||||02||02|||||||||||||||5||PRE|||||
6815808|SI|22/04/2020|01|01|NA|||SI|INS|PDTE|AFF|01|100|PLD|01||||02||02||||||||||||||||||||||
6815947|SI|22/04/2020|01|01|NA|||NO|PDTE|OBT|PUR|01|100|PLD|01||||02||02|||||||||||||||5|||||||
6818271|SI|22/04/2020|01|01|NA|||NO|PDTE|PDTE|AJE|01|100|PLD|01||||02||02||||||||||||||||||||||
6818276|SI|22/04/2020|01|01|NA|||SI|INS|OBT|AFF|01|100|PLD|01||||02||02|||||||||||||||5|||||||
6824737|SI|27/04/2020|01|01|NA|||NO|PDTE|PDTE|PUR|01|100|PLD|01||||02||02||||||||||||||||||||||
6824739|SI|27/04/2020|01|01|NA|||NO|PDTE|OBT|PUR|01|100|PLD|01||||02||02|||||||||||||||5|||||||
6824752|SI|27/04/2020|01|01|NA|||NO|PDTE|PDTE|PUR|01|100|PLD|01||||02||02||||||||||||||||||||||
6824754|SI|27/04/2020|01|01|NA|||NO|PDTE|PDTE|PUR|01|100|PLD|01||||02||02|||||||||||||||5|||||||
6824809|SI|07/05/2020|01|01|NA|||NO|PDTE|PDTE|PUR|01|100|PLD|03||||02||02||||||||||||||||||||||
6824843|SI|07/05/2020|01|01|NA|||SI|INS|OBT|AFF|01|100|PLD|01||||02||02||||||||||||||||||||||
6824905|SI|07/05/2020|01|01|NA|||NO|PDTE|PDTE|PUR|01|100|PLD|03||||02||02||||||||||||||||||||||
6828433|SI|30/04/2020|01|01|NA|||NO|PDTE|OBT|PUR|01|100|PLD|01||||02||02||||||||||||||||||||||
6828435|SI|08/05/2020|01|01|NA|||NO|PDTE|PDTE|PUR|01|100|PLD|01||||02||02|||||||||||||||7|||||||
6828534|SI|30/04/2020|01|01|NA|||NO|PDTE|OBT|PUR|01|100|PLD|02||||02||02|||||||||||||||5|||||||
6828884|SI|30/04/2020|01|01|NA|||NO|PDTE|OBT|PUR|01|100|PLD|01||||02||02||||||||||||||||||||||
6828900|SI|08/05/2020|01|01|NA|||NO|PDTE|PDTE|PUR|01|100|PLD|01||||02||02|||||||||||||||5|||||||
6830181|SI|08/05/2020|01|01|NA|||NO|INS|OBT|AFF|01|100|PLD|01||||02||02||||||||||||||||||||||
6830190|SI|08/05/2020|01|01|NA|||SI|INS|OBT|AFF|01|100|PLD|03||||02||02|||||||||||||||5|||||||
6831685|SI|08/05/2020|01|01|NA|||NO|PDTE|OBT|PUR|01|100|PLD|03||||02||02|||||||||||||||||Precarista|||||
6831767|SI|30/04/2020|01|01|NA|||NO|PDTE|PDTE|PUR|01|100|PLD|01||||02||02||||||||||||||||||||||
6832585|SI|08/05/2020|01|01|NA|||NO|PDTE|OBT|PUR|01|100|PLD|01||||02||02||||||||||||||||||||||
6832602|SI|08/05/2020|01|01|NA|||NO|PDTE|OBT|PUR|01|100|PLD|01||||02||02||||||||||||||||||||||
6832614|SI|08/05/2020|01|01|NA|||NO|PDTE|OBT|PUR|01|100|PLD|01||||02||02||||||||||||||||||||||
6833269|SI|11/05/2020|01|01|NA|||SI|INS|OBT|AFF|01|100|PLD|03||||02||02||||||||||||||||||||||
6837240|SI|11/05/2020|01|01|NA|||NO|PDTE|PDTE|PUR|01|100|PLD|01||||02||02|||||||||||||||5|||||||
6886569|SI|11/05/2020|01|01|NA|||NO|PDTE|PDTE|PUR|01|100|PLD|01||||02||02||||||||||||||||||||||
5925587|SI|01/04/2020|01|01|NA|||SI|PDTE|PDTE|PUR|02|100|PLD|01||||02||01|100|PDTE|PDTE|PDTE|PDTE|PDTE|PDTE|||||||||||||||
5925728|SI|01/04/2020|01|01|NA|||SI|PDTE|PDTE|PUR|01|100|PLD|01||||02||02||||||||||||||||||||||
5925880|SI|01/04/2020|01|01|NA|||SI|PDTE|PDTE|PUR|01|100|PLD|01||||02||02||||||||||||||||||||||
5926991|SI|02/04/2020|01|01|NA|||NO|PDTE|PDTE||01|100|PLD|01||||02||02||||||||||||||||||||||
5928265|SI|02/04/2020|01|01|NA|||SI|PDTE|PDTE|PUR|01|100|PLD|01||||02||02||||||||||||||||||||||
5928411|SI|31/03/2020|01|01|NA|||NO|PDTE|OBT|PUR|01|100|PLD|01||||02||02||||||||||||||||||||||
5928616|SI|02/04/2020|01|01|NA|||NO|PDTE|OBT||02|100|PLD|01||||||01||||||||||||||||||||||
5928868|SI|02/04/2020|01|01|NA|||NO|PDTE|PDTE||01|100|PLD|01||||02||||||||||||||||||||||||
5929817|SI|02/04/2020|01|01|NA|||NO|PDTE|PDTE|PUR|01|100|PLD|01||||02||02||||||||||||||||||||||
5930149|SI|31/03/2020|01|01|NA|||NO|PDTE|PDTE|PUR|01|100|PLD|01||||02||02||||||||||||||||||||||
5930153|SI|02/04/2020|01|01|NA|||NO|PDTE|OBT||02|100|PLD|01||||||01||||||||||||||||||||||
5932370|SI|03/04/2020|01|01|NA|||NO|PDTE|PDTE|PUR|01|100|PLD|01||||02||02||||||||||||||||||||||
5933058|SI|03/04/2020|01|01|NA|||SI|INS||AFF|01|100|PLD|03||||||||||||||||||||||||||||
5937265|SI|06/04/2020|01|01|NA|||SI|INS|OBT|AJE|01|100|PLD|||||02|||||||||||||||||3|||||||
5937411|SI|06/04/2020|01|01|NA|||SI|PDTE|PDTE|PUR|01|100|PLD|||||02||02|||||||||||||||2|||||||
5937438|SI|06/04/2020|01|01|NA|||NO|PDTE|PRE|PUR|01|100|PLD|03||||02||02||||||||||||||||||||||
5937632|SI|01/04/2020|01|01|NA|||NO|PDTE|OBT|PUR||100|PLD|01||||||||||||||||||||||||||||
5937899|SI|07/04/2020|01|01|NA|||NO|PDTE|PDTE|PUR|01|100|PLD|02||||02||02|||||||||||||||2|||||||
5937923|SI|07/04/2020|01|01|NA|||SI|PDTE|PDTE|PUR|01|100|PLD|01||||02||02|||||||||||||||2|||||||
5940049|SI|07/04/2020|01|01|NA|||SI|PDTE|PDTE|PUR|01|100|PLD|01||||02||02|||||||||||||||2|||||||
5940706|SI|07/04/2020|01|01|NA|||SI|PDTE|PDTE|PUR|01|100|PLD|03||||02||02|||||||||||||||2|||||||
5942974|SI|07/04/2020|01|01|NA|||NO|PDTE|PDTE|PUR|01|100|PLD|01||||02||02||||||||||||||||||||||
5944601|SI|07/04/2020|01|01|NA|||NO|PDTE|PDTE|PUR|01|100|PLD|01||||02||02||||||||||||||||||||||
5945241|SI|07/04/2020|01|01|NA|||SI|PDTE|OBT|PUR|01|100|PLD|03||||02||02|||||||||||||||5|||||||
5947569|SI|02/04/2020|01|01|NA|||NO|PDTE|PDTE||01|100|PLD|01||||02||02||||||||||||||||||||||
5947637|SI|07/04/2020|01|01|NA||||PDTE||PUR|01|100|PLD|03||||02||02||||||||||||||||||||||
5948457|SI|14/04/2020|01|01|NA|||SI|PDTE|PDTE|PUR|01|100|PLD|03||||02||02||||||||||||||||||||||
5948458|SI|14/04/2020|01|01|NA|||NO|PDTE|PDTE|PUR|01|100|PLD|01||||02||02||||||||||||||||||||||
5948941|SI|13/04/2020|01|01|NA|||SI|PDTE|OBT|PUR|01|100|PLD|01||||02||02||||||||||||||||||||||
5949870|SI|02/04/2020|01|01|NA|||NO|PDTE|OBT||02|100|PLD|01||||||01||||||||||||||||||||||
5949953|SI|08/04/2020|01|01|NA|||SI|PDTE|OBT|PUR||100|PLD|01||||02||02|||||||||||||||5|||||||
5950035|SI|02/04/2020|01|01|NA|||NO|PDTE|OBT||02|100|PLD|01||||||01||||||||||||||||||||||
5950662|SI|14/04/2020|02|03|NA|||NA|INS|COM|AFF|01|100|PLD|||||02||02||||||||||||||||||||||
5951384|SI|02/04/2020|01|01|NA|||NO|PDTE|OBT||02|100|PLD|01||||||01||||||||||||||||||||||
5951441|SI|14/04/2020|01|01|NA|||NO|PDTE|OBT|PUR|01|100|PLD|||||02||02||||||||||||||||||||||
5951629|SI|14/04/2020|01|01|NA|||SI|PDTE|PDTE|PUR|01|100|PLD|||||02||02||||||||||||||||||||||
5953981|SI|14/04/2020|01|01|NA||||PDTE|||01|100|PLD|01||||02||||||||||||||||||||||||
5954443|SI|14/04/2020|01|01|NA|||NO|PDTE|PDTE|PUR|01|100|PLD|01||||02||02||||||||||||||||||||||
5955494|SI|14/04/2020|01|01|NA|||SI|INS|PDTE|AFF|01|100|PLD|03||||02||02||||||||||||||||||||||
5955570|SI|14/04/2020|01|01|NA|||SI|PDTE|PDTE|PUR|01|100|PLD|01||VIG|TRA|02||02||||||||||||||||||||||
5956397|SI|14/04/2020|01|01|NA|||NO|PDTE|PDTE|PUR|01|100|PLD|02||||02||02||||||||||||||||||||||
5957497|SI|14/04/2020|01|01|NA|||NO|PDTE|PDTE|PUR|01|100|PLD|01||||02||02||||||||||||||||||||||
5958214|SI|14/04/2020|01|01|NA|||NO|PDTE|PDTE|PUR|01|100|PLD|03||||02||02||||||||||||||||||||||
5958226|SI|14/04/2020|01|01|NA|||NO|PDTE|OBT|PUR|01|100|PLD|01||||02||02||||||||||||||||||||||
5959430|SI|14/04/2020|01|01|NA|||NO|PDTE|PDTE|PUR|01|100|PLD|03||||02||02||||||||||||||||||||||
5960086|SI|14/04/2020|01|01|NA|||NO|PDTE|OBT|PUR|01|100|PLD|01||||02||02||||||||||||||||||||||
5960587|SI|14/04/2020|01|01|NA|||NO|PDTE|OBT|PUR|01|100|PLD|01||||02||02||||||||||||||||||||||
5960630|SI|14/04/2020|01|01|NA|||NO|PDTE|PDTE|PUR|01|100|PLD|03||||02||02||||||||||||||||||||||
5962883|SI|14/04/2020|01|01|NA|||SI|PDTE|PDTE|PUR|01|100|PLD|01||||02||02||||||||||||||||||||||
5963480|SI|14/04/2020|01|01|NO|||SI|PDTE|OBT|PUR|01|100|PLD|01||||02||02||||||||||||||||||||||
5963720|SI|14/04/2020|01|01|NO|||NO|PDTE|PDTE|PUR|01|100|PLD|01||||02||02||||||||||||||||||||||
5964029|SI|14/02/2020|01|01|NA|||SI|PDTE|PDTE|PUR||100|PLD|01||||02||02||||||||||||||||||||||
5964061|SI|14/02/2020|01|01|NA|||SI|PDTE|PDTE|PUR||100|PLD|01||||02||02||||||||||||||||||||||
5964065|SI|24/04/2020|01|01|NA|||NO|PDTE|PDTE|PUR|01|100|PLD|01||||02||02||||||||||||||||||||||
5964789|SI|24/04/2020|01|01|NA|||SI|PDTE|PDTE|PUR|01|100|PLD|01||||02||02||||||||||||||||||||||
5965120|SI|24/04/2020|01|01|NA|||SI|INS|PDTE|AFF|01|100|PLD|01||||02||02||||||||||||||||||||||
5966284|SI|24/04/2020|01|01|NA|||SI|INS||AFF||100|PLD|01||||||||||||||||||||||||||||
5966906|SI|24/04/2020|01|01|NA|||SI|PDTE||AFF|01|100|PLD|01||||02||02||||||||||||||||||||||
5968208|SI|02/04/2020|01|01|NA|||NO|PDTE|PDTE||01|100|PLD|01||||02||||||||||||||||||||||||
5968941|SI|27/04/2020|01|01|NA|||NO|PDTE|PDTE|PUR|01|100|PLD|01||||02||02||||||||||||||||||||||
5968980|SI|27/04/2020|01|01|NA|||NO|PDTE|PDTE|AJE|01|100|PLD|01||||02||02||||||||||||||||||||||
5969955|SI|27/04/2020|01|01|NA|||NO|PDTE|ARR|PUR|01|100|PLD|01||||02||02||||||||01/12/2015||1+ 3 años mas prorrogas anuales|VIV||||1|||||||
5971466|SI|27/04/2020|01|01|NA|||NO|PDTE|PDTE|PUR|01|100|PLD|01||||02||02||||||||||||||||||||||
6044562|SI|27/04/2020|01|01|NA|||NO|PDTE|PDTE|PUR|01|100|PLD|01||||02||02||||||||||||||||||||||
6044694|SI|27/04/2020|01|01|NA|||SI|INS|PDTE|AFF||100|PLD|||||||||||||||||||||||||||||
6045708|SI|27/04/2020|01|01|NA|||NO|PDTE|PDTE|PUR|01|100|PLD|||||02||02||||||||||||||||||||||
6045738|SI|27/04/2020|01|01|NA|||SI|PDTE|PDTE|PUR|02|100|PLD|||||02||01||||||||||||||||||||||
6045968|SI|29/04/2020|01|01|NA|||NO|PDTE|PDTE|PUR|01|100|PLD|||||02||02||||||||||||||||||||||
6046178|SI|29/04/2020|01|01|NA|||NO|PDTE|PDTE|PUR|01|100|PLD|||||02||02||||||||||||||||||||||
6047301|SI|29/04/2020|01|01|NA|||NO|PDTE|PDTE|PUR|01|100|PLD|||||02||02||||||||||||||||||||||
6047424|SI|29/04/2020|01|01|NA|||NO|PDTE|PDTE|PUR|01|100|PLD|||||02||02||||||||||||||||||||||
6048350|SI|29/04/2020|01|01|NA|||NO|PDTE|PDTE|PUR||100|PLD||||||||||||||||||||||9|||||||
6048351|SI|29/04/2020|01|01|NA|||NO|PDTE|PDTE|PUR||100|PLD||||||||||||||||||||||9|||||||
6048352|SI|30/04/2020|01|01|NA|||NO|PDTE|PDTE|PUR||100|PLD||||||||||||||||||||||9|||||||
6048353|SI|30/04/2020|01|01|NA|||NO|PDTE|PDTE|PUR||100|PLD||||||||||||||||||||||9|||||||
6048420|SI|30/04/2020|01|01|NA|||SI|PDTE|PDTE|PUR|01|100|PLD|||||02||02||||||||||||||||||||||
6049036|SI|30/04/2020|01|01|NA|||NO|PDTE|OBT|PUR|01|100|PLD|||||02||02||||||||||||||||||||||
6049391|SI|30/04/2020|01|01|NA|||NO|PDTE|PDTE|PUR|01|100|PLD|||||02||02|||||||||||||||1|||||||
6049496|SI|30/04/2020|01|01|NA|||NO|PDTE|PDTE|PUR|01|100|PLD|||||02||02||||||||||||||||||||||
6050500|SI|12/05/2020|01|01|NA|||SI|PDTE|PDTE|PUR|01|100|PLD|01||||02||02||||||||||||||||||||||
6050611|SI|12/05/2020|01|01|NA|||NO|PDTE|PDTE|PUR|01|100|PLD|03||||02||02||||||||||||||||||||||
6051610|SI|12/05/2020|01|01|NA|||SI|PDTE|PDTE|ANT|01|100|PLD|01||||02||02||||||||||||||||||||||
6052039|SI|12/05/2020|01|01|NA|||SI|INS|OBT|AJE|01|100|PLD|01||||02||02|||||||||||||||2|||||||
6058171|SI|13/04/2020|01|01|NA|||NO|PDTE|PDTE|PUR|02|100|PLD|01||||02||01||||||||||||||||||||||
6058252|SI|13/04/2020|02|03|NA|||NA|PDTE|COM|PRP||||||VIG|TRA|||||||||||||||||||||||||
6058253|SI|13/04/2020|02|03|NA|||NA|PDTE|COM|AJE||||||VIG|TRA|||||||||||||||||||||||||
6058254|SI|13/04/2020|02|03|NA|||NA|PDTE|COM|AJE||||||VIG|TRA|||||||||||||||||||||||||
6058255|SI|13/04/2020|02|03|NA|||NA|PDTE|COM|AJE||||||VIG|TRA|||||||||||||||||||||||||
6058256|SI|13/04/2020|02|03|NA|||NA|PDTE|COM|AJE||||||VIG|TRA|||||||||||||||||||||||||
6058680|SI|13/04/2020|01|01|NA|||SI|PDTE|PDTE|PUR|01|100|PLD|01||||02||||||||||||||||||||||||
6058743|SI|13/04/2020|01|01|NA|||SI|INS|OBT|AFF|01|100|PLD|01||||02||||||||||||||||||||||||
6063292|SI|13/04/2020|01|01|NA||||PDTE|OBT|PUR|01|100|PLD|01||||02||02||||||||||||||||||||||
5952970|SI|08/04/2020|01|01|NA|||SI|PDTE|OBT|PUR||100|PLD|01||||02|||||||||||||||||5|||||||
5933727|SI|08/04/2020|01|01|NA|||SI|PDTE|OBT|PUR||100|PLD|01||||02|||||||||||||||||5|||||||
6051131|SI|08/04/2020|01|01|NA|||SI|PDTE|OBT|PUR||100|PLD|01||||02|||||||||||||||||5|||||||
5947652|SI|08/04/2020|01|01|NA|||SI|PDTE|OBT|PUR||100|PLD|01||||02|||||||||||||||||5|||||||
6058681|SI|13/04/2020|01|01|NA|||SI|PDTE|PDTE|PUR|01|100|PLD|01||||02||||||||||||||||||||||||
5948379|SI|14/04/2020|01|01|NA|||SI|PDTE|PDTE|PUR|01|100|PLD|||||02||02||||||||||||||||||||||
5935624|SI|14/04/2020|01|01|NA|||SI|PDTE|PDTE|PUR|01|100|PLD|||||02||02||||||||||||||||||||||
