CODIGO_TARIFA|DESCRIPCION_TARIFA|DESCRIPCION_LARGA_TARIFA|CARTERA|TIPO_TRABAJO|SUBTIPO_TRABAJO|TARIFA_PROVEEDOR|TARIFA_BBVA|UNIDAD_MEDIDA
BBVA001|PACK TOMA DE POSESIÓN VIVIENDA|PACK TOMA DE POSESIÓN VIVIENDA|BBVA|Actuación Técnica|Paquete|385|500,5|ml
BBVA002|PACK DACION/ ENTREGA VOLUNTARIA VIVIENDA|PACK DACION/ ENTREGA VOLUNTARIA VIVIENDA|BBVA|Actuación Técnica|Paquete|385|500,5|ml
BBVA003|PACK TOMA DE POSESIÓN TRASTERO|PACK TOMA DE POSESIÓN TRASTERO|BBVA|Actuación Técnica|Paquete|74|130|ud
BBVA004|PACK DACIÓN /ENTREGA VOLUNTARIA TRASTERO|PACK DACIÓN /ENTREGA VOLUNTARIA TRASTERO|BBVA|Actuación Técnica|Paquete|74|130|ud
BBVA005|PACK TOMA DE POSESIÓN GARAJE|PACK TOMA DE POSESIÓN GARAJE|BBVA|Actuación Técnica|Paquete|40|150|m2
BBVA006|PACK DACIÓN /ENTREGA VOLUNTARIA GARAJE|PACK DACIÓN /ENTREGA VOLUNTARIA GARAJE|BBVA|Actuación Técnica|Paquete|40|150|m2
BBVA007|PACK TOMA DE POSESIÓN SUELO|PACK TOMA DE POSESIÓN SUELO|BBVA|Actuación Técnica|Paquete|40|100|m2
BBVA008|PACK DACIÓN/ENTREGA VOLUNTARIA SUELO|PACK DACIÓN/ENTREGA VOLUNTARIA SUELO|BBVA|Actuación Técnica|Paquete|40|100|m2
BBVA009|SUSTITUCIÓN DE TRAMO DE BAJANTE FECAL CON INJERTO SENCILLO|SUSTITUCIÓN DE TRAMO DE BAJANTE FECAL CON INJERTO SENCILLO|BBVA|Actuación Técnica|Fontanería|69,81|90,75|ud
BBVA010|SUSTITUCIÓN DE TRAMO DE BAJANTE FECAL CON INJERTO DOBLE|SUSTITUCIÓN DE TRAMO DE BAJANTE FECAL CON INJERTO DOBLE|BBVA|Actuación Técnica|Fontanería|91,92|119,5|ud
BBVA011|SUSTITUCIÓN MANGUETÓN PVC (INCLUIDO DESMONTAR Y MONTAR INODORO)|SUSTITUCIÓN MANGUETÓN PVC (INCLUIDO DESMONTAR Y MONTAR INODORO)|BBVA|Actuación Técnica|Fontanería|100,36|130,47|ud
BBVA012|SUSTITUCIÓN DE BOTE SIFÓNICO|SUSTITUCIÓN DE BOTE SIFÓNICO|BBVA|Actuación Técnica|Fontanería|68,82|89,47|h
BBVA051|SUMINISTRO E INSTALACIÓN DE GRIFERÍA MONOMANDO DE COCINA DE ACERO, PARA COLOCAR EMPOTRADO EN FREGA|SUMINISTRO E INSTALACIÓN DE GRIFERÍA MONOMANDO DE COCINA DE ACERO, PARA COLOCAR EMPOTRADO EN FREGADERO|BBVA|Actuación Técnica|Fontanería|56,88|73,94|ml
BBVA014|COMPOSICIÓN INCOLORO CLIMALIT O SIMILAR 4+6+4 (M²)|COMPOSICIÓN INCOLORO CLIMALIT O SIMILAR 4+6+4 (M²)|BBVA|Actuación Técnica|Cristalería|38|49,4|ml
BBVA015|SUMINISTRO E INSTALACIÓN DE VIDRIOS LAMINADOS DE SEGURIDAD DE 4+4 MM (M²)|SUMINISTRO E INSTALACIÓN DE VIDRIOS LAMINADOS DE SEGURIDAD DE 4+4 MM (M²)|BBVA|Actuación Técnica|Cristalería|52,78|68,61|ud
BBVA016|SUMINISTRO E INSTALACIÓN DE LUNA INCOLORA TEMPLADA DE 6MRN (METRO CUADRADO)|SUMINISTRO E INSTALACIÓN DE LUNA INCOLORA TEMPLADA DE 6MRN (METRO CUADRADO)|BBVA|Actuación Técnica|Cristalería|54,62|71,01|ud
BBVA165|DEMOLICIÓN/DESMONTAJE DE FALSO TECHO DE CUALQUIER TIPO, INCLUYENDO MOLDURAS O ELEMENTOS DE SUSTENTA|DEMOLICIÓN/DESMONTAJE DE FALSO TECHO DE CUALQUIER TIPO, INCLUYENDO MOLDURAS O ELEMENTOS DE SUSTENTACIÓN|BBVA|Actuación Técnica|Albañilería|8,25|10,73|m2
BBVA018|SUSTITUCIÓN DE DIFERENCIAL DE 2 X 63 A 30 MA. TOTALMENTE INSTALADO Y FUNCIONANDO|SUSTITUCIÓN DE DIFERENCIAL DE 2 X 63 A 30 MA. TOTALMENTE INSTALADO Y FUNCIONANDO|BBVA|Actuación Técnica|Electricidad|80,5|104,65|ud
BBVA019|DESPLAZAMIENTO DE CAMIÓN DE DESATRANCO|DESPLAZAMIENTO DE CAMIÓN DE DESATRANCO|BBVA|Actuación Técnica|Fontanería|125|162,5|ud
BBVA020|HORA DE TRABAJO DE CAMIÓN DE DESATRANCO|HORA DE TRABAJO DE CAMIÓN DE DESATRANCO|BBVA|Actuación Técnica|Fontanería|75,25|97,83|m2
BBVA021|APLICACIÓN DE HERBICIDA SISTÉMICO NO SELECTIVO JUNTO CON HERBICIDA DE POST-EMERGENCIA|APLICACIÓN DE HERBICIDA SISTÉMICO NO SELECTIVO JUNTO CON HERBICIDA DE POST-EMERGENCIA|BBVA|Actuación Técnica|Desbroce/tala de árboles|0,12|0,16|ud
BBVA209|TAPADO DE POZOS, ARQUETAS SEGÚN ESPECIFICACIONES DEL ORGANISMO COMPETENTE Y /O COMPAÑÍA SUMINISTR|TAPADO DE POZOS, ARQUETAS SEGÚN ESPECIFICACIONES DEL ORGANISMO COMPETENTE Y /O COMPAÑÍA SUMINISTRADORA.|BBVA|Actuación Técnica|Albañilería|114,73|149,15|ud
BBVA039|DOBLE PUNTO DE LUZ CON DOBLE INTERRUPTOR, INCLUSO MECANISMO COMPLETO. TOTALMENTE INSTALADO Y FUNCION|DOBLE PUNTO DE LUZ CON DOBLE INTERRUPTOR, INCLUSO MECANISMO COMPLETO. TOTALMENTE INSTALADO Y FUNCIONANDO|BBVA|Actuación Técnica|Electricidad|31,77|41,3|ml
BBVA078|SUSTITUCIÓN MANGUETÓN PLOMO (INCLUIDO DESMONTAR Y MONTAR INODORO) (REEMPLAZAR POR UN MATERIAL AUTO|SUSTITUCIÓN MANGUETÓN PLOMO (INCLUIDO DESMONTAR Y MONTAR INODORO) (REEMPLAZAR POR UN MATERIAL AUTORIZADO)|BBVA|Actuación Técnica|Fontanería|152,24|197,91|ud
BBVA103|APERTURA/DESCERRAJE DE CERRADURA ESTÁNDAR O DE SEGURIDAD MEDIA SIN SUSTITUCIÓN NI REPOSICIÓN DE E|APERTURA/DESCERRAJE DE CERRADURA ESTÁNDAR O DE SEGURIDAD MEDIA SIN SUSTITUCIÓN NI REPOSICIÓN DE ELEMENTOS.|BBVA|Actuación Técnica|Cambio de cerradura|30|39|ud
BBVA026|DESINFECCIÓN CONTRA HONGOS, VIRUS Y BACTERIAS, INCLUIDO CERTIFICADO. (SUP. HASTA 400 M²)|DESINFECCIÓN CONTRA HONGOS, VIRUS Y BACTERIAS, INCLUIDO CERTIFICADO. (SUP. HASTA 400 M²)|BBVA|Actuación Técnica|Desinfección|85|110,5|ud 
BBVA027|SUMINISTRO E INSTALACIÓN DE LUMINARIA DE EMERGENCIA (S/ CTE). TOTALMENTE INSTALADO Y FUNCIONANDO|SUMINISTRO E INSTALACIÓN DE LUMINARIA DE EMERGENCIA (S/ CTE). TOTALMENTE INSTALADO Y FUNCIONANDO|BBVA|Actuación Técnica|Electricidad|49|63,7|ud
BBVA028|AISLAMIENTO ESPUMA POLIURETANO 4CM PROYECTADA|AISLAMIENTO ESPUMA POLIURETANO 4CM PROYECTADA|BBVA|Actuación Técnica|Aislamiento|6,38|8,29|ud
BBVA029|SUMINISTRO DE COPIA DE LLAVE DE SEGURIDAD INTERMEDIA (LLAVE DE PUNTOS O SIMILAR)|SUMINISTRO DE COPIA DE LLAVE DE SEGURIDAD INTERMEDIA (LLAVE DE PUNTOS O SIMILAR)|BBVA|Actuación Técnica|Copia de llaves|6|7,8|m2
BBVA201|SUMINISTRO E INSTALACIÓN DE CAMPANA EXTRACTORA DE COCINA HASTA 10M²EMPOTRABLE DE CALIDAD MEDIA BAJ|SUMINISTRO E INSTALACIÓN DE CAMPANA EXTRACTORA DE COCINA HASTA 10M²EMPOTRABLE DE CALIDAD MEDIA BAJA>500M³/H|BBVA|Actuación Técnica|Electrodomésticos|220|286|ud
BBVA031|SUMINISTRO E INSTALACIÓN DE BAÑERA, SIN INCLUIR GRIFERÍA|SUMINISTRO E INSTALACIÓN DE BAÑERA, SIN INCLUIR GRIFERÍA|BBVA|Actuación Técnica|Fontanería|121,15|157,5|m2
BBVA032|SUSTITUCIÓN DE TUBERÍA BAJANTE GENERAL FECALES HASTA 3M|SUSTITUCIÓN DE TUBERÍA BAJANTE GENERAL FECALES HASTA 3M|BBVA|Actuación Técnica|Fontanería|119,66|155,56|ud
BBVA033|SUSTITUCIÓN DE DESAGÜE DE PLOMO HASTA 1 METRO (REEMPLAZAR POR UN MATERIAL AUTORIZADO)|SUSTITUCIÓN DE DESAGÜE DE PLOMO HASTA 1 METRO (REEMPLAZAR POR UN MATERIAL AUTORIZADO)|BBVA|Actuación Técnica|Fontanería|28,07|36,49|ud
BBVA034|SUSTITUCIÓN DE TUBERÍA DE ALIMENTACIÓN HASTA 1M|SUSTITUCIÓN DE TUBERÍA DE ALIMENTACIÓN HASTA 1M|BBVA|Actuación Técnica|Fontanería|44,05|57,27|ud
BBVA035|DESMONTAJE Y MONTAJE DE SANITARIOS (LAVABO, BIDET E INODORO)|DESMONTAJE Y MONTAJE DE SANITARIOS (LAVABO, BIDET E INODORO)|BBVA|Actuación Técnica|Fontanería|36,28|47,16|ud
BBVA048|SUMINISTRO E INSTALACIÓN DE FREGADERO DE COCINA METÁLICO, DE HASTA 90CM DE ANCHURA, CON SENOS Y/O |SUMINISTRO E INSTALACIÓN DE FREGADERO DE COCINA METÁLICO, DE HASTA 90CM DE ANCHURA, CON SENOS Y/O ESCURRIDOR|BBVA|Actuación Técnica|Fontanería|75|97,5|ud
BBVA064|SERVICIO MÍNIMO PARA BÚSQUEDA DE ATRANCOS EN INSTALACIÓN DE SANEAMIENTO MEDIANTE EQUIPO DE OBTENC|SERVICIO MÍNIMO PARA BÚSQUEDA DE ATRANCOS EN INSTALACIÓN DE SANEAMIENTO MEDIANTE EQUIPO DE OBTENCIÓN DE IMAGEN.|BBVA|Actuación Técnica|Fontanería|360|468|ud
BBVA038|ALICATADO O SOLADO MÁS DE 3M2 (PRECIO POR METRO) INCLUYENDO MATERIAL|ALICATADO O SOLADO MÁS DE 3M2 (PRECIO POR METRO) INCLUYENDO MATERIAL|BBVA|Actuación Técnica|Albañilería|21,2|27,56|m2
BBVA254|SUMINISTRO E INSTALACIÓN DE LUMINARIO TIPO DOWNLIGHT HALÓGENO 50W O SIMILAR. TOTALMENTE INSTALADO|SUMINISTRO E INSTALACIÓN DE LUMINARIO TIPO DOWNLIGHT HALÓGENO 50W O SIMILAR. TOTALMENTE INSTALADO Y FUNCIONANDO|BBVA|Actuación Técnica|Electricidad|32,48|42,22|ud
BBVA040|SUSTITUCIÓN DE MAGNETOTÉRMICO DE 2 X 25 A. TOTALMENTE INSTALADO Y FUNCIONANDO|SUSTITUCIÓN DE MAGNETOTÉRMICO DE 2 X 25 A. TOTALMENTE INSTALADO Y FUNCIONANDO|BBVA|Actuación Técnica|Electricidad|36,4|47,32|ud
BBVA041|SUSTITUCIÓN DE MAGNETOTÉRMICO DE 2 X 40. TOTALMENTE INSTALADO Y FUNCIONANDO|SUSTITUCIÓN DE MAGNETOTÉRMICO DE 2 X 40. TOTALMENTE INSTALADO Y FUNCIONANDO|BBVA|Actuación Técnica|Electricidad|42,81|55,65|ud
BBVA042|REPARACIÓN DE CERRADURA (SIN APORTE DE PIEZAS)|REPARACIÓN DE CERRADURA (SIN APORTE DE PIEZAS)|BBVA|Actuación Técnica|Cambio de cerradura|43,3|56,29|ud
BBVA043|AJUSTE GENERAL DE PUERTAS DE CUALQUIER TIPO|AJUSTE GENERAL DE PUERTAS DE CUALQUIER TIPO|BBVA|Actuación Técnica|Carpintería|24,95|32,44|m2
BBVA044|LIJADO Y BARNIZADO POR M² ADICIONAL|LIJADO Y BARNIZADO POR M² ADICIONAL|BBVA|Actuación Técnica|Albañilería|13,4|17,42|ud
BBVA045|PARQUET|PARQUET|BBVA|Actuación Técnica|Albañilería|25,17|32,72|ud
BBVA046|RODAPIÉ MACIZO 7-10CM|RODAPIÉ MACIZO 7-10CM|BBVA|Actuación Técnica|Albañilería|7,8|10,14|ud
BBVA025|DESINSECTACIÓN CONTRA TODO TIPO DE INSECTOS VOLADORES O RASTREROS, INCLUIDO CERTIFICADO. (SUPERFICI|DESINSECTACIÓN CONTRA TODO TIPO DE INSECTOS VOLADORES O RASTREROS, INCLUIDO CERTIFICADO. (SUPERFICIE HASTA 400 M²)|BBVA|Actuación Técnica|Desinfección|85|110,5|ud
BBVA185|SUMINISTRO E INSTALACIÓN DE PLACA DE INDUCCIÓN DE 60X60CM, INCLUIDOS TODOS LOS TRABAJOS PARA LA CO|SUMINISTRO E INSTALACIÓN DE PLACA DE INDUCCIÓN DE 60X60CM, INCLUIDOS TODOS LOS TRABAJOS PARA LA CORRECTA EJECUCIÓN|BBVA|Actuación Técnica|Electrodomésticos|245,8|319,54|ud
BBVA231|LEVANTADO DE CARPINTERÍA INTERIOR O EXTERIOR INCLUIDAS HOJAS, CERCOS, MOLDURAS Y ACCESORIOS. TOTALM|LEVANTADO DE CARPINTERÍA INTERIOR O EXTERIOR INCLUIDAS HOJAS, CERCOS, MOLDURAS Y ACCESORIOS. TOTALMENTE TERMINADO.|BBVA|Actuación Técnica|Carpintería|11,14|14,48|m2
BBVA291|COLOCACION LONAS: TELA, PVC, SIMILAR ( MEDIDAS 5,00 X 1,00 M )/ LONAS: TELA, PVC O SIMILAR (MEDIDAS |COLOCACION LONAS: TELA, PVC, SIMILAR ( MEDIDAS 5,00 X 1,00 M )/ LONAS: TELA, PVC O SIMILAR (MEDIDAS 5,00 X 1,00 M)|BBVA|Actuación Técnica|Cartelería|47,3|61|UD
BBVA150|SOLADO O ALICATADO DE PIEDRA NATURAL INCLUYENDO EL MATERIAL PÉTREO, TODO EL RESTO DE MATERIAL Y TRA|SOLADO O ALICATADO DE PIEDRA NATURAL INCLUYENDO EL MATERIAL PÉTREO, TODO EL RESTO DE MATERIAL Y TRABAJOS AUXILIARES|BBVA|Actuación Técnica|Albañilería|73,72|95,84|m2
BBVA052|SUMINISTRO E INSTALACIÓN DE GRIFERÍA MONOMANDO DE LAVABO/BIDET DE ACERO|SUMINISTRO E INSTALACIÓN DE GRIFERÍA MONOMANDO DE LAVABO/BIDET DE ACERO|BBVA|Actuación Técnica|Fontanería|46|59,8|ml
BBVA292|COLOCACION LONAS: TELA, PVC O SIMILAR ( MEDIDAS 8,00 X 1,00 M )/ LONAS: TELA, PVC O SIMILAR (MEDIDAS|COLOCACION LONAS: TELA, PVC O SIMILAR ( MEDIDAS 8,00 X 1,00 M )/ LONAS: TELA, PVC O SIMILAR (MEDIDAS 8,00 X 1,00 M)|BBVA|Actuación Técnica|Cartelería|78,83|102|UD
BBVA054|PODA DE ÁRBOL CON CESTA HASTA 10M DE ALTURA|PODA DE ÁRBOL CON CESTA HASTA 10M DE ALTURA|BBVA|Actuación Técnica|Desbroce/tala de árboles|43,37|56,38|m2
BBVA055|SUSTITUCIÓN DE BOMBILLO DE BUZÓN|SUSTITUCIÓN DE BOMBILLO DE BUZÓN|BBVA|Actuación Técnica|Cambio de cerradura|15|19,5|ud
BBVA056|SUMINISTRO E INSTALACIÓN DE ESCUDO DE SEGURIDAD MEDIA|SUMINISTRO E INSTALACIÓN DE ESCUDO DE SEGURIDAD MEDIA|BBVA|Actuación Técnica|Cambio de cerradura|20|26|ud
BBVA057|DESMONTAJE Y RETIRADA DE PUERTA ANTIOCUPA Y REPARACIÓN DE RECERCADO|DESMONTAJE Y RETIRADA DE PUERTA ANTIOCUPA Y REPARACIÓN DE RECERCADO|BBVA|Actuación Técnica|Colocación puertas antiocupa|75|97,5|ud
BBVA017|SUSTITUCIÓN DE MECANISMO DE INTERRUPTOR, ENCHUFE, TIMBRE MOD. SIMÓN 31 O SIMILAR. TOTALMENTE INSTA|SUSTITUCIÓN DE MECANISMO DE INTERRUPTOR, ENCHUFE, TIMBRE MOD. SIMÓN 31 O SIMILAR. TOTALMENTE INSTALADO Y FUNCIONANDO|BBVA|Actuación Técnica|Electricidad|15|19,5|ud
BBVA100|TOMA DE CORRIENTE CON TOMA DE TIERRA LATERAL DE 16 A, INCLUSO MECANISMO COMPLETO. TOTALMENTE INSTALA|TOMA DE CORRIENTE CON TOMA DE TIERRA LATERAL DE 16 A, INCLUSO MECANISMO COMPLETO. TOTALMENTE INSTALADO Y FUNCIONANDO|BBVA|Actuación Técnica|Electricidad|27,22|35,39|ud
BBVA101|TOMA DE CORRIENTE CON TOMA DE TIERRA LATERAL DE 25 A, INCLUSO MECANISMO COMPLETO. TOTALMENTE INSTALA|TOMA DE CORRIENTE CON TOMA DE TIERRA LATERAL DE 25 A, INCLUSO MECANISMO COMPLETO. TOTALMENTE INSTALADO Y FUNCIONANDO|BBVA|Actuación Técnica|Electricidad|36,02|46,83|ud
BBVA061|TENDER YESO NEGRO O BLANCO|TENDER YESO NEGRO O BLANCO|BBVA|Actuación Técnica|Albañilería|8,66|11,26|ud
BBVA062|OBTENCIÓN/TRAMITACIÓN DE DUPLICADO DE LPO O CÉDULA|OBTENCIÓN/TRAMITACIÓN DE DUPLICADO DE LPO O CÉDULA|BBVA|Actuación Técnica|Cédula de Habitabilidad|40|52|ml
BBVA286|SUMINISTRO LONAS: TELA, PVC O SIMILAR MEDIDAS ( 5,00 X 1,00 MTS )/ LONAS: TELA, PVC O SIMILAR (MEDID|SUMINISTRO LONAS: TELA, PVC O SIMILAR MEDIDAS ( 5,00 X 1,00 MTS )/ LONAS: TELA, PVC O SIMILAR (MEDIDAS 5,00 X 1,00 M)|BBVA|Actuación Técnica|Cartelería|103,91|135|UD
BBVA287|SUMINISTRO LONAS: TELA, PVC O SIMILAR MEDIDAS ( 8,00 X 1,00 MTS )/ LONAS: TELA, PVC O SIMILAR (MEDID|SUMINISTRO LONAS: TELA, PVC O SIMILAR MEDIDAS ( 8,00 X 1,00 MTS )/ LONAS: TELA, PVC O SIMILAR (MEDIDAS 8,00 X 1,00 M)|BBVA|Actuación Técnica|Cartelería|113,64|148|UD
BBVA177|SUMINISTRO E INSTALACIÓN DE EXTRACTORA DE BAÑO O ESPACIO CERRADO CON NECESIDAD DE VENTILACIÓN I/I|SUMINISTRO E INSTALACIÓN DE EXTRACTORA DE BAÑO O ESPACIO CERRADO CON NECESIDAD DE VENTILACIÓN I/INSTALACIÓN ELÉCTRICA,|BBVA|Actuación Técnica|Electricidad|75|97,5|ud
BBVA247|SUMINISTRO E INSTALACIÓN DE MODULO INDIVIDUAL DE MOBILIARIO DE COCINA, GAMA MEDIA. COMPLETAMENTE TE|SUMINISTRO E INSTALACIÓN DE MODULO INDIVIDUAL DE MOBILIARIO DE COCINA, GAMA MEDIA. COMPLETAMENTE TERMINADO I/LIMPIEZA.|BBVA|Actuación Técnica|Mobiliario de Cocina|105|137|ud
BBVA293|COLOCACION / RETIRADA CARTELERIA PARA ACTIVOS DE SUELO/ COLOCACIÓN / RETIRADA CARTELERÍA PARA ACTI|COLOCACION / RETIRADA CARTELERIA PARA ACTIVOS DE SUELO/ COLOCACIÓN / RETIRADA CARTELERÍA PARA ACTIVOS DE SUELO (ACTIVO)|BBVA|Actuación Técnica|Cartelería|76,92|100|UD
BBVA202|SUMINISTRO E INSTALACIÓN DE ENCIMERA DE COCINA DE CALIDAD ALTA DE SILESTONE CON ACABADO PULIDO O SI|SUMINISTRO E INSTALACIÓN DE ENCIMERA DE COCINA DE CALIDAD ALTA DE SILESTONE CON ACABADO PULIDO O SIMILAR, COLOR A ELEGIR|BBVA|Actuación Técnica|Mobiliario de Cocina|242,5|315|ud
BBVA069|SUMINISTRO Y COLOCACIÓN DE RODAPIÉ CERÁMICO INCLUIDO MATERIAL.|SUMINISTRO Y COLOCACIÓN DE RODAPIÉ CERÁMICO INCLUIDO MATERIAL.|BBVA|Actuación Técnica|Albañilería|6,1|7,93|ud
BBVA070|SOLDADURA DE TUBERÍAS GENERALES Y REPARACIÓN DE BAJANTES PVC, INCLUSO SELLADO|SOLDADURA DE TUBERÍAS GENERALES Y REPARACIÓN DE BAJANTES PVC, INCLUSO SELLADO|BBVA|Actuación Técnica|Fontanería|9,51|12,36|ud
BBVA071|SUSTITUCIÓN DE TUBERÍA BAJANTE PVC GENERAL PLUVIALES HASTA 3M|SUSTITUCIÓN DE TUBERÍA BAJANTE PVC GENERAL PLUVIALES HASTA 3M|BBVA|Actuación Técnica|Fontanería|88,1|114,53|ud 
BBVA072|SUSTITUCIÓN DE TUBERÍA GENERAL DE ALIMENTACIÓN HASTA 3 M 1 PULGADA|SUSTITUCIÓN DE TUBERÍA GENERAL DE ALIMENTACIÓN HASTA 3 M 1 PULGADA|BBVA|Actuación Técnica|Fontanería|87,64|113,93|ud
BBVA073|SUSTITUCIÓN DE TUBERÍA GENERAL DE ALIMENTACIÓN HASTA 3M 2 PULGADAS|SUSTITUCIÓN DE TUBERÍA GENERAL DE ALIMENTACIÓN HASTA 3M 2 PULGADAS|BBVA|Actuación Técnica|Fontanería|117,53|152,79|ud
BBVA074|SUSTITUCIÓN DE DESAGÜE DE PVC HASTA 1M|SUSTITUCIÓN DE DESAGÜE DE PVC HASTA 1M|BBVA|Actuación Técnica|Fontanería|10,79|14,03|ud
BBVA075|SUSTITUCIÓN DE DESAGÜE DE PVC HASTA 3M|SUSTITUCIÓN DE DESAGÜE DE PVC HASTA 3M|BBVA|Actuación Técnica|Fontanería|38,44|49,97|ud
BBVA076|SUSTITUCIÓN DE TUBERÍA DE AGUA FRÍA Y CALIENTE 1M CADA UNA|SUSTITUCIÓN DE TUBERÍA DE AGUA FRÍA Y CALIENTE 1M CADA UNA|BBVA|Actuación Técnica|Fontanería|62,8|81,64|ud
BBVA077|SUSTITUCIÓN TUBERÍA DE AGUA FRÍA Y CALIENTE 2M CADA UNA|SUSTITUCIÓN TUBERÍA DE AGUA FRÍA Y CALIENTE 2M CADA UNA|BBVA|Actuación Técnica|Fontanería|99,55|129,42|ud
BBVA131|COLOCACIÓN DE CAJA GENERAL DE PROTECCIÓN DE LA VIVIENDA SEGÚN NORMATIVA DE INSTALACIÓN. TOTALMEN|COLOCACIÓN DE CAJA GENERAL DE PROTECCIÓN DE LA VIVIENDA SEGÚN NORMATIVA DE INSTALACIÓN. TOTALMENTE INSTALADO Y FUNCIONANDO|BBVA|Actuación Técnica|Electricidad|107,22|139,39|ud
BBVA079|HACER JUNTA DE MANGUETÓN WC. CON INODORO O BAJANTE GENERAL|HACER JUNTA DE MANGUETÓN WC. CON INODORO O BAJANTE GENERAL|BBVA|Actuación Técnica|Fontanería|26,99|35,09|ud
BBVA080|REPARAR MANGUETA O BOTE SIFÓNICO O DESAGÜE O TUBERÍA SIN SUSTITUCIÓN|REPARAR MANGUETA O BOTE SIFÓNICO O DESAGÜE O TUBERÍA SIN SUSTITUCIÓN|BBVA|Actuación Técnica|Fontanería|39,61|51,49|ud
BBVA081|COLOCACIÓN DE GEBO 1 UNIDAD HASTA 3/4 PULGADA|COLOCACIÓN DE GEBO 1 UNIDAD HASTA 3/4 PULGADA|BBVA|Actuación Técnica|Fontanería|29,6|38,48|m2
BBVA082|ÚNICAMENTE SUSTITUCIÓN DE SANITARIO (LAVABO, BIDET E INODORO)|ÚNICAMENTE SUSTITUCIÓN DE SANITARIO (LAVABO, BIDET E INODORO)|BBVA|Actuación Técnica|Fontanería|39,18|50,93|ud
BBVA083|SUSTITUCIÓN DE MECANISMO DE CISTERNA|SUSTITUCIÓN DE MECANISMO DE CISTERNA|BBVA|Actuación Técnica|Fontanería|34,64|45,03|ud
BBVA084|SUSTITUCIÓN DE GRIFERÍA (SIN MATERIAL)|SUSTITUCIÓN DE GRIFERÍA (SIN MATERIAL)|BBVA|Actuación Técnica|Fontanería|19,99|25,99|ud
BBVA085|SUSTITUCIÓN DE BAÑERA (SIN MATERIAL)|SUSTITUCIÓN DE BAÑERA (SIN MATERIAL)|BBVA|Actuación Técnica|Fontanería|82,48|107,22|m2
BBVA086|UNIDAD DE DESATASCO EN VIVIENDA PARTICULAR (EN CIUDAD)|UNIDAD DE DESATASCO EN VIVIENDA PARTICULAR (EN CIUDAD)|BBVA|Actuación Técnica|Fontanería|107,22|139,39|ml
BBVA013|SUMINISTRO E INSTALACIÓN DE LUNA INCOLORA SIMPLE DE 4 MM INCLUIDOS TODOS LOS TRABAJOS NECESARIOS PA|SUMINISTRO E INSTALACIÓN DE LUNA INCOLORA SIMPLE DE 4 MM INCLUIDOS TODOS LOS TRABAJOS NECESARIOS PARA LA CORRECTA EJECUCIÓN|BBVA|Actuación Técnica|Cristalería|21,67|28,17|m2
BBVA200|SUMINISTRO E INSTALACIÓN DE CAMPANA EXTRACTORA DE COCINA HASTA 16M² DE ACERO INOXIDABLE VISTO DE C|SUMINISTRO E INSTALACIÓN DE CAMPANA EXTRACTORA DE COCINA HASTA 16M² DE ACERO INOXIDABLE VISTO DE CALIDAD MEDIA ALTA>500M³/H|BBVA|Actuación Técnica|Electrodomésticos|412,4|536,12|ud
BBVA252|INTERRUPTOR COMBINADO MAGNETOTÉRMICO-PROTECTOR CONTRA SOBRETENSIONES PERMANENTES 2X25 A. TOTALMENTE |INTERRUPTOR COMBINADO MAGNETOTÉRMICO-PROTECTOR CONTRA SOBRETENSIONES PERMANENTES 2X25 A. TOTALMENTE INSTALADO Y FUNCIONANDO|BBVA|Actuación Técnica|Electricidad|82,27|106,95|ud
BBVA053|SUMINISTRO E INSTALACIÓN DE GRIFERÍA MONOMANDO DE BAÑERA DE ACERO, CON DOBLE SALIDA A GRIFO Y FLE|SUMINISTRO E INSTALACIÓN DE GRIFERÍA MONOMANDO DE BAÑERA DE ACERO, CON DOBLE SALIDA A GRIFO Y FLEXO. INCLUYENDO MANGUERA Y DUCHA|BBVA|Actuación Técnica|Fontanería|91,72|119,24|m3
BBVA091|PINTURA TISOTRÓPICA (PARAMENTOS MUY AFECTADOS) HASTA 10 M²|PINTURA TISOTRÓPICA (PARAMENTOS MUY AFECTADOS) HASTA 10 M²|BBVA|Actuación Técnica|PINTURA|89,89|116,86|ud
BBVA092|PINTURA TISOTRÓPICA (PARAMENTOS MUY AFECTADOS), M² ADICIONAL (A PARTIR DE 10 M²)|PINTURA TISOTRÓPICA (PARAMENTOS MUY AFECTADOS), M² ADICIONAL (A PARTIR DE 10 M²)|BBVA|Actuación Técnica|PINTURA|6,06|7,88|ud
BBVA093|FORMACIÓN DE MOLDURA DE ESCAYOLA|FORMACIÓN DE MOLDURA DE ESCAYOLA|BBVA|Actuación Técnica|Albañilería|10,05|13,07|ud
BBVA094|ALICATADO O SOLADO HASTA 3M2 (PRECIO POR METRO) INCLUYENDO MATERIAL|ALICATADO O SOLADO HASTA 3M2 (PRECIO POR METRO) INCLUYENDO MATERIAL|BBVA|Actuación Técnica|Albañilería|23,97|31,16|ud
BBVA095|PUNTO DE LUZ SENCILLO, INCLUSO MECANISMO COMPLETO. TOTALMENTE INSTALADO Y FUNCIONANDO|PUNTO DE LUZ SENCILLO, INCLUSO MECANISMO COMPLETO. TOTALMENTE INSTALADO Y FUNCIONANDO|BBVA|Actuación Técnica|Electricidad|22,69|29,5|ud
BBVA096|PUNTO DE LUZ CONMUTADO, INCLUSO MECANISMO COMPLETO. TOTALMENTE INSTALADO Y FUNCIONANDO|PUNTO DE LUZ CONMUTADO, INCLUSO MECANISMO COMPLETO. TOTALMENTE INSTALADO Y FUNCIONANDO|BBVA|Actuación Técnica|Electricidad|32,4|42,12|ud
BBVA097|PUNTO DE LUZ CRUZAMIENTO, INCLUSO MECANISMO COMPLETO. TOTALMENTE INSTALADO Y FUNCIONANDO|PUNTO DE LUZ CRUZAMIENTO, INCLUSO MECANISMO COMPLETO. TOTALMENTE INSTALADO Y FUNCIONANDO|BBVA|Actuación Técnica|Electricidad|43,08|56|ud
BBVA098|PUNTO DE TIMBRE, INCLUSO MECANISMO COMPLETO. TOTALMENTE INSTALADO Y FUNCIONANDO|PUNTO DE TIMBRE, INCLUSO MECANISMO COMPLETO. TOTALMENTE INSTALADO Y FUNCIONANDO|BBVA|Actuación Técnica|Electricidad|24,49|31,84|ud
BBVA099|TOMA DE CORRIENTE DE 10 A, INCLUSO MECANISMO COMPLETO. TOTALMENTE INSTALADO Y FUNCIONANDO|TOMA DE CORRIENTE DE 10 A, INCLUSO MECANISMO COMPLETO. TOTALMENTE INSTALADO Y FUNCIONANDO|BBVA|Actuación Técnica|Electricidad|20,42|26,55|ud
BBVA119|LIMPIEZA GENERAL DEL INMUEBLE (HASTA 200 M2): RETIRADA DE BASURAS, RESTOS DE COMIDA, ETC? . GESTI|LIMPIEZA GENERAL DEL INMUEBLE (HASTA 200 M2): RETIRADA DE BASURAS, RESTOS DE COMIDA, ETC? . GESTIÓN DE RESIDUOS INCLUIDA. HASTA 2M3|BBVA|Actuación Técnica|Limpieza y retirada de enseres|75|97,5|m2
BBVA133|SUMINISTRO Y COLOCACIÓN TERMO ELÉCTRICO 50 LITROS PARA A.C.S. MURAL VERTICAL CON RESISTENCIA BLIND|SUMINISTRO Y COLOCACIÓN TERMO ELÉCTRICO 50 LITROS PARA A.C.S. MURAL VERTICAL CON RESISTENCIA BLINDADA, TOTALMENTE MONTADO Y PROBADO|BBVA|Actuación Técnica|Fontanería|220,64|286,83|ud
BBVA102|SUSTITUCIÓN DE DIFERENCIAL HASTA 2 X 40 A 30 MA. TOTALMENTE INSTALADO Y FUNCIONANDO|SUSTITUCIÓN DE DIFERENCIAL HASTA 2 X 40 A 30 MA. TOTALMENTE INSTALADO Y FUNCIONANDO|BBVA|Actuación Técnica|Electricidad|60,5|78,65|ud
BBVA205|SUMINISTRO Y COLOCACIÓN TERMO ELÉCTRICO 75 LITROS PARA A.C.S. MURAL VERTICAL CON RESISTENCIA BLIND|SUMINISTRO Y COLOCACIÓN TERMO ELÉCTRICO 75 LITROS PARA A.C.S. MURAL VERTICAL CON RESISTENCIA BLINDADA, TOTALMENTE MONTADO Y PROBADO|BBVA|Actuación Técnica|Fontanería|265,65|345,35|ml
BBVA134|SUMINISTRO Y COLOCACIÓN TERMO ELÉCTRICO 100 LITROS PARA A.C.S. MURAL VERTICAL CON RESISTENCIA BLIN|SUMINISTRO Y COLOCACIÓN TERMO ELÉCTRICO 100 LITROS PARA A.C.S. MURAL VERTICAL CON RESISTENCIA BLINDADA, TOTALMENTE MONTADO Y PROBADO|BBVA|Actuación Técnica|Fontanería|288,07|374|ud
BBVA140|SUMINISTRO E INSTALACIÓN DE LAVABO CERÁMICO COLOR ESTÁNDAR A ELEGIR DE UN SENO Y SUSTENTADO SOBRE|SUMINISTRO E INSTALACIÓN DE LAVABO CERÁMICO COLOR ESTÁNDAR A ELEGIR DE UN SENO Y SUSTENTADO SOBRE PIE CERÁMICO, SIN INCLUIR GRIFERÍA|BBVA|Actuación Técnica|Fontanería|74,11|96,34|m2
BBVA246|DESMONTAJE DE MÓDULO INDIVIDUAL DE MOBILIARIO DE COCINA, CON RETIRADA DE ESCOMBROS A VERTEDEROS Y P|DESMONTAJE DE MÓDULO INDIVIDUAL DE MOBILIARIO DE COCINA, CON RETIRADA DE ESCOMBROS A VERTEDEROS Y PROTEGIENDO LAS ZONAS COLINDANTES.|BBVA|Actuación Técnica|Mobiliario de Cocina|30|39|ud
BBVA047|CALENTADOR DE GAS DE AGUA INTERIOR MURAL, VERTICAL PARA 6L/MIN CON TIRO NATURAL, COLOCADO Y PROBADO.|CALENTADOR DE GAS DE AGUA INTERIOR MURAL, VERTICAL PARA 6L/MIN CON TIRO NATURAL, COLOCADO Y PROBADO. INCLUYENDO BOLETÍN Y LEGALIZACIÓN|BBVA|Actuación Técnica|Fontanería|355,2|461,76|ud
BBVA108|SUSTITUCIÓN DE CERROJO (FAC, LINCE, EZCURRA O SIMILAR) INCLUYE APERTURA DE PUERTA, DESCERRAJE Y CER|SUSTITUCIÓN DE CERROJO (FAC, LINCE, EZCURRA O SIMILAR) INCLUYE APERTURA DE PUERTA, DESCERRAJE Y CERRADURA EN EL CASO DE SER NECESARIO.|BBVA|Actuación Técnica|Cambio de cerradura|89,85|116,81|m2
BBVA109|SUSTITUCIÓN DE BISAGRAS PUERTA DE PASO|SUSTITUCIÓN DE BISAGRAS PUERTA DE PASO|BBVA|Actuación Técnica|Carpintería|24,54|31,9|m2
BBVA110|SUSTITUCIÓN DE MANETAS, TIRADORES O POMOS PARA PUERTAS DE PASO O DE ENTRADA|SUSTITUCIÓN DE MANETAS, TIRADORES O POMOS PARA PUERTAS DE PASO O DE ENTRADA|BBVA|Actuación Técnica|Carpintería|25,78|33,51|m2
BBVA111|AJUSTE DE PUERTAS Y/O ARMARIOS COCINA|AJUSTE DE PUERTAS Y/O ARMARIOS COCINA|BBVA|Actuación Técnica|Carpintería|30,91|40,18|ml
BBVA112|PREPARACIÓN DE SUELO CON PASTA NIVELADORA POR M² ESPESOR ENTRE 5 MM-25 MM|PREPARACIÓN DE SUELO CON PASTA NIVELADORA POR M² ESPESOR ENTRE 5 MM-25 MM|BBVA|Actuación Técnica|Albañilería|6,47|8,41|ud
BBVA113|LIJADO Y BARNIZADO HASTA 15M²|LIJADO Y BARNIZADO HASTA 15M²|BBVA|Actuación Técnica|Albañilería|178,24|231,71|ud
BBVA114|RODAPIÉ AGLOMERADO 7-10CM|RODAPIÉ AGLOMERADO 7-10CM|BBVA|Actuación Técnica|Albañilería|5,9|7,67|m2
BBVA115|DESBROCE DE PARCELA CON MAQUINARIA. GESTIÓN DE RESIDUOS INCLUIDA|DESBROCE DE PARCELA CON MAQUINARIA. GESTIÓN DE RESIDUOS INCLUIDA|BBVA|Actuación Técnica|Desbroce/tala de árboles|0,36|0,47|ud
BBVA116|DESBROCE MANUAL DE PARCELA/JARDÍN. GESTIÓN DE RESIDUOS INCLUIDA|DESBROCE MANUAL DE PARCELA/JARDÍN. GESTIÓN DE RESIDUOS INCLUIDA|BBVA|Actuación Técnica|Desbroce/tala de árboles|0,77|1|m2
BBVA117|PODA, PUNTUAL Y SELECTIVA, MANUAL, CON TODOS LOS ÚTILES NECESARIOS. GESTIÓN DE RESIDUOS INCLUIDA|PODA, PUNTUAL Y SELECTIVA, MANUAL, CON TODOS LOS ÚTILES NECESARIOS. GESTIÓN DE RESIDUOS INCLUIDA|BBVA|Actuación Técnica|Desbroce/tala de árboles|2,64|3,43|m2
BBVA166|SUMINISTRO E INSTALACIÓN DE CANDADO, INCLUIDA CADENA HASTA 0,5M EN CASO NECESARIO Y DESCERRAJE DE C|SUMINISTRO E INSTALACIÓN DE CANDADO, INCLUIDA CADENA HASTA 0,5M EN CASO NECESARIO Y DESCERRAJE DE CANDADO EXISTENTE SI FUERE NECESARIO|BBVA|Actuación Técnica|Cambio de cerradura|35|45,5|ud
BBVA172|LEVANTADO DE REVESTIMIENTOS LAMINADOS, MADERA O SIMILAR, INCLUSO ZÓCALO, CAPAS INFERIORES DE AISLAM|LEVANTADO DE REVESTIMIENTOS LAMINADOS, MADERA O SIMILAR, INCLUSO ZÓCALO, CAPAS INFERIORES DE AISLAMIENTO Y PASOS DE PUERTA EXISTENTES.|BBVA|Actuación Técnica|Albañilería|6,9|8,97|ud
BBVA130|REPASO DE INSTALACIÓN ELÉCTRICA Y TELECOMUNICACIONES DE VIVIENDA NO INCLUIDA LA COLOCACIÓN DE LAS|REPASO DE INSTALACIÓN ELÉCTRICA Y TELECOMUNICACIONES DE VIVIENDA NO INCLUIDA LA COLOCACIÓN DE LAS TAPAS DE CAJAS Y MECANISMOS FALTANTES|BBVA|Actuación Técnica|Electricidad|119,08|154,8|ud
BBVA121|LIMPIEZA EN ACTIVOS SUPERIORES A 200 M2 (COSTE POR M2 EXTRA)|LIMPIEZA EN ACTIVOS SUPERIORES A 200 M2 (COSTE POR M2 EXTRA)|BBVA|Actuación Técnica|Limpieza y retirada de enseres|0,5|0,65|h
BBVA132|TOMA DE CORRIENTE PARA CALENTADOR, INCLUIDO CABLEADO, MECANISMO DE SUPERFICIE O EMPOTRADO Y CANALETA|TOMA DE CORRIENTE PARA CALENTADOR, INCLUIDO CABLEADO, MECANISMO DE SUPERFICIE O EMPOTRADO Y CANALETA. TOTALMENTE INSTALADO Y FUNCIONANDO|BBVA|Actuación Técnica|Electricidad|31,92|41,5|ud
BBVA123|REPARACIÓN DE HUMEDADES EN FACHADA DE UNIFAMILIARES|REPARACIÓN DE HUMEDADES EN FACHADA DE UNIFAMILIARES|BBVA|Actuación Técnica|Albañilería|19,32|25,12|ud
BBVA124|REPARACIÓN GRIETAS EN FACHADA DE UNIFAMILIARES|REPARACIÓN GRIETAS EN FACHADA DE UNIFAMILIARES|BBVA|Actuación Técnica|Albañilería|11,95|15,54|ud
BBVA167|SUMINISTRO E INSTALACIÓN DE JUEGO DE TAPETAS GAMA MEDIA EN ACABADO LACADO BLANCO O EN MADERA BARNIZ|SUMINISTRO E INSTALACIÓN DE JUEGO DE TAPETAS GAMA MEDIA EN ACABADO LACADO BLANCO O EN MADERA BARNIZADA, PARA LAS DOS CARAS DE UNA PUERTA|BBVA|Actuación Técnica|Carpintería|48,25|62,73|ud
BBVA126|REPARACIÓN GRIETAS EN CUBIERTA CON IMPERMEABILIZANTE|REPARACIÓN GRIETAS EN CUBIERTA CON IMPERMEABILIZANTE|BBVA|Actuación Técnica|Albañilería|21,33|27,73|ud
BBVA127|TRÁMITES OFICINAS SUMINISTRADORAS|TRÁMITES OFICINAS SUMINISTRADORAS|BBVA|Actuación Técnica|Contratación de Suministros|38,5|50,05|ud
BBVA128|TRÁMITES ENTIDADES LOCALES|TRÁMITES ENTIDADES LOCALES|BBVA|Actuación Técnica|Consultas Ayuntamiento y Organismos|45,5|59,15|ud
BBVA129|OBTENCIÓN/TRAMITACIÓN DE NUEVA CÉDULA DE HABITABILIDAD|OBTENCIÓN/TRAMITACIÓN DE NUEVA CÉDULA DE HABITABILIDAD|BBVA|Actuación Técnica|Cédula de Habitabilidad|103,1|134,03|ud
BBVA253|INTERRUPTOR COMBINADO MAGNETOTÉRMICO-PROTECTORES CONTRA SOBRETENSIONES PERMANENTES Y TRANSITORIAS|INTERRUPTOR COMBINADO MAGNETOTÉRMICO-PROTECTORES CONTRA SOBRETENSIONES PERMANENTES Y TRANSITORIAS 2X25 A. TOTALMENTE INSTALADO Y FUNCIONANDO|BBVA|Actuación Técnica|Electricidad|127,37|165,58|ud
BBVA294|RETIRADA DE CARTELES PUBLICITARIOS, ROTULOS O SIMILAR PREEXISTENTES/ RETIRADA DE CARTELES PUBLICITAR|RETIRADA DE CARTELES PUBLICITARIOS, ROTULOS O SIMILAR PREEXISTENTES/ RETIRADA DE CARTELES PUBLICITARIOS, RÓTULOS O SIMILAR PREEXISTENTES (UD)|BBVA|Actuación Técnica|Cartelería|92,31|120|UD
BBVA049|SUMINISTRO E INSTALACIÓN DE CALDERA DE CONDENSACIÓN DE GAS DE VIVIENDA, INCLUYENDO LA INSTALACIÓN|SUMINISTRO E INSTALACIÓN DE CALDERA DE CONDENSACIÓN DE GAS DE VIVIENDA, INCLUYENDO LA INSTALACIÓN DE VENTILACIÓN, EL BOLETÍN Y LA LEGALIZACIÓN.|BBVA|Actuación Técnica|Fontanería|1300|1690|ud
BBVA157|SUMINISTRO E INSTALACIÓN MEDIANTE ANCLAJES EPOXI DE REJAS DE PROTECCIÓN EN VENTANAS/ PUERTAS, REAL|SUMINISTRO E INSTALACIÓN MEDIANTE ANCLAJES EPOXI DE REJAS DE PROTECCIÓN EN VENTANAS/ PUERTAS, REALIZADAS CON HIERRO TRATADO CONTRA LA CORROSIÓN|BBVA|Actuación Técnica|Albañilería|82,83|107,68|ud
BBVA059|SUMINISTRO E INSTALACIÓN DE ENCIMERA DE COCINA DE CALIDAD ECONÓMICA CON ACABADO EN TABLERO, INCLUY|SUMINISTRO E INSTALACIÓN DE ENCIMERA DE COCINA DE CALIDAD ECONÓMICA CON ACABADO EN TABLERO, INCLUYENDO COPAS Y REMATES DE EXTREMOS, ÁNGULOS Y ESQUINAS|BBVA|Actuación Técnica|Mobiliario de Cocina|58,77|76,4|ud
BBVA104|SUSTITUCIÓN DE BOMBILLO NORMAL (AZBE, TESA, LINCE, FIAM, UCEM O SIMILAR) INCLUYE APERTURA DE PUERTA|SUSTITUCIÓN DE BOMBILLO NORMAL (AZBE, TESA, LINCE, FIAM, UCEM O SIMILAR) INCLUYE APERTURA DE PUERTA, DESCERRAJE Y CERRADURA EN EL CASO DE SER NECESARIO.|BBVA|Actuación Técnica|Cambio de cerradura|75|97,5|ud
BBVA136|INSTALACIÓN FONTANERÍA PARA CALENTADOR O TERMO DEJANDO LISTA LA INSTALACIÓN PARA COLOCACIÓN|INSTALACIÓN FONTANERÍA PARA CALENTADOR O TERMO DEJANDO LISTA LA INSTALACIÓN PARA COLOCACIÓN|BBVA|Actuación Técnica|Fontanería|61,86|80,42|ud
BBVA137|SUSTITUCIÓN DE LLAVE DE PASO O LLAVES DE CORTE APARATOS|SUSTITUCIÓN DE LLAVE DE PASO O LLAVES DE CORTE APARATOS|BBVA|Actuación Técnica|Fontanería|24|31,2|ud
BBVA138|SUMINISTRO E INSTALACIÓN REJILLA DE BAÑO|SUMINISTRO E INSTALACIÓN REJILLA DE BAÑO|BBVA|Actuación Técnica|Fontanería|9,28|12,06|ud
BBVA139|SUMINISTRO E INSTALACIÓN DE BIDET CERÁMICO COLOR ESTÁNDAR A ELEGIR, SIN INCLUIR GRIFERÍA|SUMINISTRO E INSTALACIÓN DE BIDET CERÁMICO COLOR ESTÁNDAR A ELEGIR, SIN INCLUIR GRIFERÍA|BBVA|Actuación Técnica|Fontanería|77,65|100,95|ud
BBVA135|INSTALACIÓN DE SALIDA DE HUMOS CALENTADOR, DE CHAPA DE ACERO DE 150MM, SIN INCLUIR PERFORACIÓN DE|INSTALACIÓN DE SALIDA DE HUMOS CALENTADOR, DE CHAPA DE ACERO DE 150MM, SIN INCLUIR PERFORACIÓN DE FACHADA, AUNQUE SÍ SU SELLADO Y RESOLUCIÓN DE ENCUENTROS|BBVA|Actuación Técnica|Fontanería|216,51|281,46|ud
BBVA141|SUMINISTRO E INSTALACIÓN DE INODORO CERÁMICO COLOR ESTÁNDAR A ELEGIR, CON TANQUE BAJO|SUMINISTRO E INSTALACIÓN DE INODORO CERÁMICO COLOR ESTÁNDAR A ELEGIR, CON TANQUE BAJO|BBVA|Actuación Técnica|Fontanería|135,42|176,05|m2
BBVA142|SUMINISTRO E INSTALACIÓN DE TAPA DE INODORO|SUMINISTRO E INSTALACIÓN DE TAPA DE INODORO|BBVA|Actuación Técnica|Fontanería|30,93|40,21|m2
BBVA143|SUMINISTRO DE LLAVE MAGNÉTICA CODIFICADA|SUMINISTRO DE LLAVE MAGNÉTICA CODIFICADA|BBVA|Actuación Técnica|Copia de llaves|9,28|12,06|m2
BBVA144|SUMINISTRO DE MANDO DE GARAJE CODIFICADO|SUMINISTRO DE MANDO DE GARAJE CODIFICADO|BBVA|Actuación Técnica|Copia de llaves|40|52|m2
BBVA145|REVISIÓN DE LA INSTALACIÓN DE GAS DE VIVIENDA|REVISIÓN DE LA INSTALACIÓN DE GAS DE VIVIENDA|BBVA|Actuación Técnica|Fontanería|49,49|64,34|ml
BBVA105|SUSTITUCIÓN DE BOMBILLO DE SEGURIDAD (AZBE, TESA, LINCEO SIMILAR) GAMA BAJA INCLUYE APERTURA DE PUE|SUSTITUCIÓN DE BOMBILLO DE SEGURIDAD (AZBE, TESA, LINCEO SIMILAR) GAMA BAJA INCLUYE APERTURA DE PUERTA, DESCERRAJE Y CERRADURA EN EL CASO DE SER NECESARIO.|BBVA|Actuación Técnica|Cambio de cerradura|85|110,5|m2
BBVA147|FÁBRICA DE LADRILLO DE 1/2 PIE. INCLUSO RECIBIDO DE PRECERCOS SI PROCEDE|FÁBRICA DE LADRILLO DE 1/2 PIE. INCLUSO RECIBIDO DE PRECERCOS SI PROCEDE|BBVA|Actuación Técnica|Albañilería|23|29,9|m2
BBVA148|FÁBRICA DE BLOQUE DE HORMIGÓN ARMADO. INCLUSO RECIBIDO DE PRECERCOS SI PROCEDE|FÁBRICA DE BLOQUE DE HORMIGÓN ARMADO. INCLUSO RECIBIDO DE PRECERCOS SI PROCEDE|BBVA|Actuación Técnica|Albañilería|34|44,2|m2
BBVA149|SOLADO O ALICATADO DE ELEMENTOS DE GRAN FORMATO Y/O PORCELÁNICOS (SIN MATERIAL)|SOLADO O ALICATADO DE ELEMENTOS DE GRAN FORMATO Y/O PORCELÁNICOS (SIN MATERIAL)|BBVA|Actuación Técnica|Albañilería|20,48|26,62|ml
BBVA288|COLOCACION CARTEL VENTANA: AUTOADHESIVO FLEXIBLES INTERIOR ( MEDIDAS 0,60 X 0,40 M )/ CARTEL VENTANA|COLOCACION CARTEL VENTANA: AUTOADHESIVO FLEXIBLES INTERIOR ( MEDIDAS 0,60 X 0,40 M )/ CARTEL VENTANA: AUTOADHESIVOS FLEXIBLES INTERIOR (MEDIDAS 0,60 X 0,40 M)|BBVA|Actuación Técnica|Cartelería|15,95|21|ml
BBVA151|PIEZAS PÉTREAS EN FACHADA MEDIANTE ANCLAJES DE ACERO INOX|PIEZAS PÉTREAS EN FACHADA MEDIANTE ANCLAJES DE ACERO INOX|BBVA|Actuación Técnica|Albañilería|73,62|95,71|ud
BBVA152|BÚSQUEDA DE ATRANCOS EN INSTALACIÓN DE SANEAMIENTO MEDIANTE EQUIPO DE OBTENCIÓN DE IMAGEN|BÚSQUEDA DE ATRANCOS EN INSTALACIÓN DE SANEAMIENTO MEDIANTE EQUIPO DE OBTENCIÓN DE IMAGEN|BBVA|Actuación Técnica|Fontanería|19,38|25,19|ud
BBVA289|COLOCACION CARTEL VENTANA: AUTOADHESIVO FLEXIBLES EXTERIOR ( MEDIDAS 0,60 X 0,40 M )/ CARTEL VENTANA|COLOCACION CARTEL VENTANA: AUTOADHESIVO FLEXIBLES EXTERIOR ( MEDIDAS 0,60 X 0,40 M )/ CARTEL VENTANA: AUTOADHESIVOS FLEXIBLES EXTERIOR (MEDIDAS 0,60 X 0,40 M)|BBVA|Actuación Técnica|Cartelería|15,95|21|ml
BBVA267|EXTRA CONTENEDOR (2M3) EN LIMPIEZA GENERAL DEL INMUEBLE: RETIRADA DE BASURAS, RESTOS DE COMIDA, ENSE|EXTRA CONTENEDOR (2M3) EN LIMPIEZA GENERAL DEL INMUEBLE: RETIRADA DE BASURAS, RESTOS DE COMIDA, ENSERES, MOBILIARIO, ESCOMBROS, ETC. GESTIÓN DE RESIDUOS INCLUIDA|BBVA|Actuación Técnica|Limpieza y retirada de enseres|80|104|ud
BBVA283|SUMINISTRO CARTEL VENTANA: AUTOADHESIVOS FLEXIBLES INTERIOR ( MEDIDAS 0,60 X 0,40 MTS )/ CARTEL VENT|SUMINISTRO CARTEL VENTANA: AUTOADHESIVOS FLEXIBLES INTERIOR ( MEDIDAS 0,60 X 0,40 MTS )/ CARTEL VENTANA: AUTOADHESIVOS FLEXIBLES INTERIOR (MEDIDAS 0,60 X 0,40 M)|BBVA|Actuación Técnica|Cartelería|4,07|5|UD
BBVA284|SUMINISTRO CARTEL VENTANA: AUTOADHESIVOS FLEXIBLES EXTERIOR ( MEDIDAS 0,60 X 0,40 MTS )/ CARTEL VENT|SUMINISTRO CARTEL VENTANA: AUTOADHESIVOS FLEXIBLES EXTERIOR ( MEDIDAS 0,60 X 0,40 MTS )/ CARTEL VENTANA: AUTOADHESIVOS FLEXIBLES EXTERIOR (MEDIDAS 0,60 X 0,40 M)|BBVA|Actuación Técnica|Cartelería|4,07|5|UD
BBVA122|EXTRA CONTENEDOR (6 M3) EN LIMPIEZA GENERAL DEL INMUEBLE: RETIRADA DE BASURAS, RESTOS DE COMIDA, ENS|EXTRA CONTENEDOR (6 M3) EN LIMPIEZA GENERAL DEL INMUEBLE: RETIRADA DE BASURAS, RESTOS DE COMIDA, ENSERES, MOBILIARIO, ESCOMBROS, ETC. GESTIÓN DE RESIDUOS INCLUIDA|BBVA|Actuación Técnica|Limpieza y retirada de enseres|120,37|156,48|ud
BBVA158|LIMPIEZA DE SUMIDERO EN CUBIERTA / PATIO / GARAJE|LIMPIEZA DE SUMIDERO EN CUBIERTA / PATIO / GARAJE|BBVA|Actuación Técnica|LIMPIEZA|11,7|15,21|m2
BBVA159|LIMPIEZA DE ARQUETA DE CUALQUIER TIPO|LIMPIEZA DE ARQUETA DE CUALQUIER TIPO|BBVA|Actuación Técnica|LIMPIEZA|23,76|30,89|ud
BBVA160|REPARACIÓN Y REPOSICIÓN DE ACERA DE CUALQUIER TIPO|REPARACIÓN Y REPOSICIÓN DE ACERA DE CUALQUIER TIPO|BBVA|Actuación Técnica|Albañilería|27,56|35,83|ud
BBVA161|LIMPIEZA DE CANALONES DE CUALQUIER MATERIAL Y SECCIÓN|LIMPIEZA DE CANALONES DE CUALQUIER MATERIAL Y SECCIÓN|BBVA|Actuación Técnica|LIMPIEZA|12,5|16,25|ud
BBVA162|TALA DE ÁRBOL HASTA 6 M DE ALTURA INCLUSO SACANDO EL TOCÓN|TALA DE ÁRBOL HASTA 6 M DE ALTURA INCLUSO SACANDO EL TOCÓN|BBVA|Actuación Técnica|Desbroce/tala de árboles|118,59|154,17|ud
BBVA163|TALA DE ÁRBOL DE 6M HASTA 10M DE ALTURA INCLUSO SACANDO EL TOCÓN|TALA DE ÁRBOL DE 6M HASTA 10M DE ALTURA INCLUSO SACANDO EL TOCÓN|BBVA|Actuación Técnica|Desbroce/tala de árboles|170,36|221,47|ml
BBVA164|PODA DE ÁRBOL CON CESTA DE 10M A 20 M DE ALTURA|PODA DE ÁRBOL CON CESTA DE 10M A 20 M DE ALTURA|BBVA|Actuación Técnica|Desbroce/tala de árboles|109,18|141,93|ud
BBVA107|SUSTITUCIÓN DE BOMBILLO DE SEGURIDAD (POTENT BORJAS, CR ACORAZ, CR DOBLE) GAMA ALTA INCLUYE APERTUR|SUSTITUCIÓN DE BOMBILLO DE SEGURIDAD (POTENT BORJAS, CR ACORAZ, CR DOBLE) GAMA ALTA INCLUYE APERTURA DE PUERTA, DESCERRAJE Y CERRADURA EN EL CASO DE SER NECESARIO.|BBVA|Actuación Técnica|Cambio de cerradura|170|221|ml
BBVA106|SUSTITUCIÓN DE BOMBILLO DE SEGURIDAD (FAC, MIA DE BORJAS, ISEO O SIMILAR) GAMA MEDIA INCLUYE APERT|SUSTITUCIÓN DE BOMBILLO DE SEGURIDAD (FAC, MIA DE BORJAS, ISEO O SIMILAR) GAMA MEDIA INCLUYE APERTURA DE PUERTA, DESCERRAJE Y CERRADURA EN EL CASO DE SER NECESARIO.|BBVA|Actuación Técnica|Cambio de cerradura|127|165,1|ud
BBVA155|RETIRADA DE TEJA CERÁMICA O DE HORMIGÓN, REPARACIÓN DE LA IMPERMEABILIZACIÓN Y REPOSICIÓN POSTE|RETIRADA DE TEJA CERÁMICA O DE HORMIGÓN, REPARACIÓN DE LA IMPERMEABILIZACIÓN Y REPOSICIÓN POSTERIOR DE LA TEJA, CON RECIBIDO SI ES NECESARIO (SIN APORTE DE MATERIAL)|BBVA|Actuación Técnica|Albañilería|24,51|31,86|ud
BBVA225|APEO DE ESTRUCTURA, HASTA UNA ALTURA MÁXIMA DE 3M. MEDIANTE SOPANDAS, PUNTALES Y DURMIENTES, CON P.|APEO DE ESTRUCTURA, HASTA UNA ALTURA MÁXIMA DE 3M. MEDIANTE SOPANDAS, PUNTALES Y DURMIENTES, CON P.P. DE MEDIOS AUXILIARES Y TRABAJOS PREVIOS DE LIMPIEZA PARA APOYOS.|BBVA|Actuación Técnica|Albañilería|31,93|41,51|m2
BBVA207|REPARACIÓN DE PERSIANA CONSISTENTE EN DESMONTAJE Y MONTAJE DE TAPA, COLOCACIÓN Y ALINEADO DE LAMAS|REPARACIÓN DE PERSIANA CONSISTENTE EN DESMONTAJE Y MONTAJE DE TAPA, COLOCACIÓN Y ALINEADO DE LAMAS, ENGRASADO DE POLEA, ETC. PARA EL CORRECTO FUNCIONAMIENTO DE LA MISMA.|BBVA|Actuación Técnica|Carpintería|36,82|47,87|ud
BBVA170|SELLADO DE CARPINTERÍA DE ALUMINIO CON ENCUENTROS DE FABRICA DE FACHADA Y ALBARDILLAS|SELLADO DE CARPINTERÍA DE ALUMINIO CON ENCUENTROS DE FABRICA DE FACHADA Y ALBARDILLAS|BBVA|Actuación Técnica|Carpintería|5,11|6,64|ud
BBVA171|AJUSTE O REPARACIÓN DE HERRAJES/CIERRES DE CARPINTERÍA METÁLICA. VENTANA O PUERTA|AJUSTE O REPARACIÓN DE HERRAJES/CIERRES DE CARPINTERÍA METÁLICA. VENTANA O PUERTA|BBVA|Actuación Técnica|Carpintería|5|6,5|ud
BBVA156|DRENAJE DE TRASDÓS DE MURO MEDIANTE EXCAVACIÓN, COLOCACIÓN DE LÁMINA DE DRENAJE, INSTALACIÓN DE|DRENAJE DE TRASDÓS DE MURO MEDIANTE EXCAVACIÓN, COLOCACIÓN DE LÁMINA DE DRENAJE, INSTALACIÓN DE TUBO DREN Y RELLENO POSTERIOR CON GRAVA SEGÚN CTE, HASTA 3M DE PROFUNDIDAD|BBVA|Actuación Técnica|Vallado|73,47|95,51|ud
BBVA173|LIMPIEZA DE TERRAZA. INCLUIDOS LOS IMBORNALES, SUMIDEROS Y ELEMENTOS EXISTENTES HASTA 15M²|LIMPIEZA DE TERRAZA. INCLUIDOS LOS IMBORNALES, SUMIDEROS Y ELEMENTOS EXISTENTES HASTA 15M²|BBVA|Actuación Técnica|LIMPIEZA|45|58,5|ud
BBVA174|LIMPIEZA GENERAL DE PISCINA (INCLUIDO VACIADO)|LIMPIEZA GENERAL DE PISCINA (INCLUIDO VACIADO)|BBVA|Actuación Técnica|LIMPIEZA|240|312|ud
BBVA249|IMPERMEABILIZACIÓN DE CUBIERTA PLANA CON LÁMINA ASFÁLTICA AUTOPROTEGIDA. INCLUYENDO P.P. DE REMAT|IMPERMEABILIZACIÓN DE CUBIERTA PLANA CON LÁMINA ASFÁLTICA AUTOPROTEGIDA. INCLUYENDO P.P. DE REMATES DE DESAGÜES, ESQUINAS Y CUALQUIER OTRO ELEMENTO QUE INTERRUMPA LA TELA|BBVA|Actuación Técnica|Albañilería|20|26|ml
BBVA146|SUMINISTRO E INSTALACIÓN DE PUERTA ANTIOCUPA HOMOLOGADA CUMPLIENDO NORMATIVA EUROPEA Y SUMINISTRADA |SUMINISTRO E INSTALACIÓN DE PUERTA ANTIOCUPA HOMOLOGADA CUMPLIENDO NORMATIVA EUROPEA Y SUMINISTRADA IGUALMENTE POR FABRICANTE COMPETENTE PARA EMITIR SU CERTIFICADO DE IDONEIDAD|BBVA|Actuación Técnica|Colocación puertas antiocupa|650|845|m2
BBVA180|SUMINISTRO Y APLICACIÓN DE DOS CAPAS DE PINTURA PLÁSTICA BLANCA EN INMUEBLE (HASTA 80 M2 O 2 HABIT|SUMINISTRO Y APLICACIÓN DE DOS CAPAS DE PINTURA PLÁSTICA BLANCA EN INMUEBLE (HASTA 80 M2 O 2 HABITACIONES) VERTICALES/HORIZONTALES , SOBRE SUPERFICIES DE COLORES BLANCOS Y NEUTROS.|BBVA|Actuación Técnica|PINTURA|439,2|570,96|ud
BBVA178|SELLADO DE PERÍMETRO DE SANITARIOS CON SILICONA ANTI MOHO AL ACIDO.|SELLADO DE PERÍMETRO DE SANITARIOS CON SILICONA ANTI MOHO AL ACIDO.|BBVA|Actuación Técnica|Fontanería|8,3|10,79|ud
BBVA182|SUMINISTRO Y APLICACIÓN DE DOS CAPAS DE PINTURA PLÁSTICA BLANCA EN INMUEBLE (HASTA 120 M2 O 4 HABI|SUMINISTRO Y APLICACIÓN DE DOS CAPAS DE PINTURA PLÁSTICA BLANCA EN INMUEBLE (HASTA 120 M2 O 4 HABITACIONES) VERTICALES/HORIZONTALES , SOBRE SUPERFICIES DE COLORES BLANCOS Y NEUTROS|BBVA|Actuación Técnica|PINTURA|658,8|856,44|ud
BBVA181|SUMINISTRO Y APLICACIÓN DE DOS CAPAS DE PINTURA PLÁSTICA BLANCA EN INMUEBLE (HASTA 100 M2 O 3 HABI|SUMINISTRO Y APLICACIÓN DE DOS CAPAS DE PINTURA PLÁSTICA BLANCA EN INMUEBLE (HASTA 100 M2 O 3 HABITACIONES) VERTICALES/HORIZONTALES , SOBRE SUPERFICIES DE COLORES BLANCOS Y NEUTROS.|BBVA|Actuación Técnica|PINTURA|549,31|714,1|ud
BBVA050|SUMINISTRO Y COLOCACIÓN DE SUELOS FORMADO POR LAMAS MACHIHEMBRADAS/ENCOLADAS DE ASPECTO SIMILAR AL|SUMINISTRO Y COLOCACIÓN DE SUELOS FORMADO POR LAMAS MACHIHEMBRADAS/ENCOLADAS DE ASPECTO SIMILAR AL PARQUET FLOTANTE CON UN LAMINADO PLÁSTICO ESTRATIFICADO O UN RECUBRIMIENTO MELAMÍNICO|BBVA|Actuación Técnica|Albañilería|27,72|36,04|ud
BBVA120|LIMPIEZA GENERAL DEL INMUEBLE (HASTA 200 M2): RETIRADA DE BASURAS, RESTOS DE COMIDA, ENSERES, MOBILI|LIMPIEZA GENERAL DEL INMUEBLE (HASTA 200 M2): RETIRADA DE BASURAS, RESTOS DE COMIDA, ENSERES, MOBILIARIO, ESCOMBROS, ETC. (UTILIZANDO UN CONTENEDOR DE APROX 6M3) GESTIÓN DE RESIDUOS INCLUIDA|BBVA|Actuación Técnica|Limpieza y retirada de enseres|194,5|252,85|h
BBVA198|SUMINISTRO E INSTALACIÓN DE TEJA ÁRABE, INCLUIDOS MATERIALES DE FIJACIÓN, REMATE Y SELLADO DEL MI|SUMINISTRO E INSTALACIÓN DE TEJA ÁRABE, INCLUIDOS MATERIALES DE FIJACIÓN, REMATE Y SELLADO DEL MISMO EN CASO DE SER NECESARIO PARA LA COMPLETA Y CORRECTA EJECUCIÓN. PARTIDA MÍNIMA DE EJECUCIÓN DE 1 M2.|BBVA|Actuación Técnica|Albañilería|21,81|28,35|ud
BBVA184|SUMINISTRO E INSTALACIÓN DE HORNO GAMA MEDIA E INSTALACIÓN ESTÁNDAR|SUMINISTRO E INSTALACIÓN DE HORNO GAMA MEDIA E INSTALACIÓN ESTÁNDAR|BBVA|Actuación Técnica|Electrodomésticos|250|325|ud
BBVA067|UD REVISIÓN Y PRUEBA DE INSTALACIÓN ELÉCTRICA, TELECOMUNICACIONES Y VIDEO PORTERO EN VIVIENDA, IN|UD REVISIÓN Y PRUEBA DE INSTALACIÓN ELÉCTRICA, TELECOMUNICACIONES Y VIDEO PORTERO EN VIVIENDA, INCLUSO ROTULACIÓN DE CUADRO ELÉCTRICO SIN CONSIDERAR ELEMENTOS DE PROTECCIÓN O MECANISMOS QUE PUDIERAN FALTAR.|BBVA|Actuación Técnica|Electricidad|72,75|94,58|ud
BBVA199|SUMINISTRO E INSTALACIÓN DE TEJA DE HORMIGÓN, INCLUIDOS MATERIALES DE FIJACIÓN, REMATE Y SELLADO|SUMINISTRO E INSTALACIÓN DE TEJA DE HORMIGÓN, INCLUIDOS MATERIALES DE FIJACIÓN, REMATE Y SELLADO DEL MISMO EN CASO DE SER NECESARIO PARA LA COMPLETA Y CORRECTA EJECUCIÓN. PARTIDA MÍNIMA DE EJECUCIÓN DE 1M2.|BBVA|Actuación Técnica|Albañilería|30,63|39,82|ud
BBVA060|LIMPIEZA DE PARCELA/SOLAR PARA RETIRADA DE BASURA, ESCOMBROS U OTROS RESTOS VOLUMINOSOS, INCLUIDA RE|LIMPIEZA DE PARCELA/SOLAR PARA RETIRADA DE BASURA, ESCOMBROS U OTROS RESTOS VOLUMINOSOS, INCLUIDA RETIRADA Y GESTIÓN DE RESTOS A VERTEDERO AUTORIZADO. SE DEBERÁ APORTAR JUSTIFICACIÓN DEL VOLUMEN REAL RETIRADO.|BBVA|Actuación Técnica|Limpieza y retirada de enseres|19,68|25,58|ud
BBVA204|REVISIÓN DE INSTALACIÓN FONTANERÍA Y SANEAMIENTO EN VIVIENDA, INCLUYENDO PRUEBAS DE PRESIÓN, COR|REVISIÓN DE INSTALACIÓN FONTANERÍA Y SANEAMIENTO EN VIVIENDA, INCLUYENDO PRUEBAS DE PRESIÓN, CORRECCIÓN DE FUGAS, SIN INCLUIR EL SUMINISTRO E INSTALACIÓN DE ELEMENTOS NECESARIOS PARA CUMPLIR LA NORMATIVA VIGENTE|BBVA|Actuación Técnica|Fontanería|142|184,6|ml
BBVA245|DESMONTAJE DE MOBILIARIO DE COCINA COMPLETO (DESMONTANDO TODOS LOS ELECTRODOMÉSTICOS PARA SU RECUPE|DESMONTAJE DE MOBILIARIO DE COCINA COMPLETO (DESMONTANDO TODOS LOS ELECTRODOMÉSTICOS PARA SU RECUPERACIÓN), CON RETIRADA DE ESCOMBROS A VERTEDERO. COLOCANDO ELEMENTOS ADECUADOS PARA PROTEGER LAS ZONAS COLINDANTES.|BBVA|Actuación Técnica|Mobiliario de Cocina|220|286|ud
BBVA179|LEVANTADO Y POSTERIOR RECOLOCACIÓN DE MAMPARA DE DUCHA O BAÑERA, INCLUIDOS TODOS LOS TRABAJOS NECE|LEVANTADO Y POSTERIOR RECOLOCACIÓN DE MAMPARA DE DUCHA O BAÑERA, INCLUIDOS TODOS LOS TRABAJOS NECESARIOS PARA LA CORRECTA EJECUCIÓN. SE CONTABILIZARÁ CADA UNO DE LOS ELEMENTOS. SE INCLUYE EL SELLADO FINAL DEL ELEMENTO.|BBVA|Actuación Técnica|Fontanería|55,96|72,75|ud
BBVA153|IMPERMEABILIZACIÓN DE CUBIERTA PLANA ASFÁLTICA, NO INCLUYENDO RETIRADA NI REPOSICIÓN DE MATERIAL |IMPERMEABILIZACIÓN DE CUBIERTA PLANA ASFÁLTICA, NO INCLUYENDO RETIRADA NI REPOSICIÓN DE MATERIAL DE PROTECCIÓN DE LA LÁMINA. INCLUYENDO P.P. DE REMATES DE DESAGÜES, ESQUINAS Y CUALQUIER OTRO ELEMENTO QUE INTERRUMPA LA TELA|BBVA|Actuación Técnica|Albañilería|13,51|17,56|m2
BBVA154|IMPERMEABILIZACIÓN DE CUBIERTA PLANA DE PVC, NO INCLUYENDO RETIRADA NI REPOSICIÓN DE MATERIAL DE |IMPERMEABILIZACIÓN DE CUBIERTA PLANA DE PVC, NO INCLUYENDO RETIRADA NI REPOSICIÓN DE MATERIAL DE PROTECCIÓN DE LA LÁMINA. INCLUYENDO P.P. DE REMATES DE DESAGÜES, ESQUINAS Y CUALQUIER OTRO ELEMENTO QUE INTERRUMPA LA MEMBRANA|BBVA|Actuación Técnica|Albañilería|22,88|29,74|ml
BBVA030|SERVICIO MÍNIMO DE HORAS DE CAMIÓN DE DESATRANCO, INCLUIDOS LOS OPERARIOS NECESARIOS PARA LA EJECU|SERVICIO MÍNIMO DE HORAS DE CAMIÓN DE DESATRANCO, INCLUIDOS LOS OPERARIOS NECESARIOS PARA LA EJECUCIÓN DE LOS TRABAJOS. PARTIDA COMPLEMENTARIA AL DESPLAZAMIENTO DEL CAMIÓN (A ESTA PARTIDA FALTA AÑADIRLE LAS HORAS DE SERVICIO).|BBVA|Actuación Técnica|Fontanería|120|156|m2
BBVA194|REJUNTADO O SELLADO DE RODAPIÉ CON MORTERO HIDRÓFUGO O SILICONA RESISTENCIA UV|REJUNTADO O SELLADO DE RODAPIÉ CON MORTERO HIDRÓFUGO O SILICONA RESISTENCIA UV|BBVA|Actuación Técnica|Albañilería|5,09|7|ud
BBVA195|SELLADO DE JUNTAS CON MORTERO HIDRÓFUGO|SELLADO DE JUNTAS CON MORTERO HIDRÓFUGO|BBVA|Actuación Técnica|Albañilería|4,44|5,77|ml
BBVA196|APLICACIÓN DE LECHADA Y LLAGUEADO DE MATERIAL CERÁMICO EN PARAMENTOS VERTICALES|APLICACIÓN DE LECHADA Y LLAGUEADO DE MATERIAL CERÁMICO EN PARAMENTOS VERTICALES|BBVA|Actuación Técnica|Albañilería|1,91|2,48|ml
BBVA285|SUMINISTRO CARTEL FACHADA: AUTOADHESIVOS FLEXIBLES INTERIOR (PEGADOS POR FUERA DE LA FACHADA) (MEDID|SUMINISTRO CARTEL FACHADA: AUTOADHESIVOS FLEXIBLES INTERIOR (PEGADOS POR FUERA DE LA FACHADA) (MEDIDAS 1.20 X 0.80 MTS)/ CARTEL FACHADA: AUTOADHESIVOS FLEXIBLES INTERIOR (PEGADOS POR FUERA DE LA FACHADA) (MEDIDAS 1,20 X 0,80 M)|BBVA|Actuación Técnica|Cartelería|7,62|10|UD
BBVA290|COLOCACION CARTEL FACHADA: AUTOADHESIVO FLEXIBLES INTERIOR ( PEGADOS POR FUERA DE LA FACHADA ) ( MED|COLOCACION CARTEL FACHADA: AUTOADHESIVO FLEXIBLES INTERIOR ( PEGADOS POR FUERA DE LA FACHADA ) ( MEDIDAS 1,20 X 0,80 M )/ CARTEL FACHADA: AUTOADHESIVOS FLEXIBLES INTERIOR (PEGADOS POR FUERA DE LA FACHADA) (MEDIDAS 1,20 X 0,80 M)|BBVA|Actuación Técnica|Cartelería|15,95|21|UD
BBVA087|TEMPLE LISO, HASTA 10 M². SOBRE CUALQUIER PARAMENTO, I/P.P. PREPARACIÓN DE LAS SUPERFICIES (ELIMIN|TEMPLE LISO, HASTA 10 M². SOBRE CUALQUIER PARAMENTO, I/P.P. PREPARACIÓN DE LAS SUPERFICIES (ELIMINACIÓN DE CAPA DE PINTURA, LIJADO Y EMPLASTECIDO) Y DOS MANOS DE ACABADO. TOTALMENTE TERMINADO I/P.P. DE MEDIOS AUXILIARES Y LIMPIEZA.|BBVA|Actuación Técnica|PINTURA|46,23|60,1|m2
BBVA089|PLÁSTICO LISO, HASTA 10 M² SOBRE CUALQUIER PARAMENTO, I/P.P. PREPARACIÓN DE LAS SUPERFICIES (ELIM|PLÁSTICO LISO, HASTA 10 M² SOBRE CUALQUIER PARAMENTO, I/P.P. PREPARACIÓN DE LAS SUPERFICIES (ELIMINACIÓN DE CAPA DE PINTURA, LIJADO Y EMPLASTECIDO) Y DOS MANOS DE ACABADO. TOTALMENTE TERMINADO I/P.P. DE MEDIOS AUXILIARES Y LIMPIEZA.|BBVA|Actuación Técnica|PINTURA|84,26|109,54|ud
BBVA118|VALLADO CON SIMPLE TORSIÓN HASTA 2M DE ALTURA, INCLUSO POSTES DE SUJECIÓN CADA 3M. UNIDAD TOTALMEN|VALLADO CON SIMPLE TORSIÓN HASTA 2M DE ALTURA, INCLUSO POSTES DE SUJECIÓN CADA 3M. UNIDAD TOTALMENTE TERMINADA. INCLUYE TODAS LAS PARTIDAS COMPLEMENTARIAS PARA LA CORRECTA EJECUCIÓN DEL MISMO, INCLUSO GESTIÓN DE RESIDUOS. HASTA 100ML.|BBVA|Actuación Técnica|Vallado|17,78|23,11|m2
BBVA068|ANULACIÓN Y RETIRADA DE INSTALACIÓN ELÉCTRICA PRE-EXISTENTE, CONSISTENTE EN: DESCONEXIÓN PERMANE|ANULACIÓN Y RETIRADA DE INSTALACIÓN ELÉCTRICA PRE-EXISTENTE, CONSISTENTE EN: DESCONEXIÓN PERMANENTE DE TODAS LAS LÍNEAS DEL CUADRO ELÉCTRICO, RETIRADA DEL CABLEADO QUE PUEDA ENTORPECER PARA LA POSTERIOR CONEXIÓN DE UNA NUEVA INSTALACIÓN AL|BBVA|Actuación Técnica|Electricidad|150|195|ud
BBVA203|SUMINISTRO E INSTALACIÓN DE ENCIMERA DE COCINA DE CALIDAD MEDIA DE GRANITO NACIONAL PULIDO O SIMILA|SUMINISTRO E INSTALACIÓN DE ENCIMERA DE COCINA DE CALIDAD MEDIA DE GRANITO NACIONAL PULIDO O SIMILAR|BBVA|Actuación Técnica|Mobiliario de Cocina|145,17|188,72|ml
BBVA210|VALLADO CON SIMPLE TORSIÓN HASTA 2M DE ALTURA, INCLUSO POSTES DE SUJECIÓN CADA 3M. UNIDAD TOTALME|VALLADO CON SIMPLE TORSIÓN HASTA 2M DE ALTURA, INCLUSO POSTES DE SUJECIÓN CADA 3M. UNIDAD TOTALMENTE TERMINADA. INCLUYE TODAS LAS PARTIDAS COMPLEMENTARIAS PARA LA CORRECTA EJECUCIÓN DEL MISMO, INCLUSO GESTIÓN DE RESIDUOS. DE 100ML A 300ML.|BBVA|Actuación Técnica|Vallado|16,04|20,85|m2
BBVA211|VALLADO CON SIMPLE TORSIÓN HASTA 2M DE ALTURA, INCLUSO POSTES DE SUJECIÓN CADA 3M. UNIDAD TOTALMEN|VALLADO CON SIMPLE TORSIÓN HASTA 2M DE ALTURA, INCLUSO POSTES DE SUJECIÓN CADA 3M. UNIDAD TOTALMENTE TERMINADA. INCLUYE TODAS LAS PARTIDAS COMPLEMENTARIAS PARA LA CORRECTA EJECUCIÓN DEL MISMO, INCLUSO GESTIÓN DE RESIDUOS. A PARTIR DE 300ML.|BBVA|Actuación Técnica|Vallado|13,85|18,01|m2
BBVA206|SUMINISTRO E INSTALACIÓN DE PLATO DE DUCHA CERÁMICO, SIN INCLUIR GRIFERÍA|SUMINISTRO E INSTALACIÓN DE PLATO DE DUCHA CERÁMICO, SIN INCLUIR GRIFERÍA|BBVA|Actuación Técnica|Fontanería|113,93|148|ud
BBVA262|PUNTO DE REPARACIÓN DE LA INSTALACIÓN DE CALEFACCIÓN CONSISTENTE EN LEVANTADO DE TUBERÍA Y SUSTI|PUNTO DE REPARACIÓN DE LA INSTALACIÓN DE CALEFACCIÓN CONSISTENTE EN LEVANTADO DE TUBERÍA Y SUSTITUCIÓN DE LA MISMA (SIN ACABADOS). INCLUSO COMPROBACIÓN DE LA REPARACIÓN Y DEL CORRECTO FUNCIONAMIENTO DE LA INSTALACIÓN, P.P. DE MATERIALES NEC|BBVA|Actuación Técnica|Fontanería|160|208|ud
BBVA208|TRATAMIENTO DE PICUDO ROJO EN PALMERAS|TRATAMIENTO DE PICUDO ROJO EN PALMERAS|BBVA|Actuación Técnica|Desbroce/tala de árboles|45|58,5|ud
BBVA176|EJECUCIÓN DE RIOSTRA DE CIMENTACIÓN, PARA POSTERIOR EJECUCIÓN DE MURO DE VALLADO DE OBRA, DE 40 |EJECUCIÓN DE RIOSTRA DE CIMENTACIÓN, PARA POSTERIOR EJECUCIÓN DE MURO DE VALLADO DE OBRA, DE 40 CM DE ANCHO Y 60 CM DE PROFUNDIDAD ARMADA CON 4Ø12 Y ESTRIBOS DE Ø10 CADA 30 CM, CON HORMIGÓN HA-25-B-20-IIA, INCLUSO EXCAVACIÓN EN TERRENO BLAND|BBVA|Actuación Técnica|Vallado|32,47|42|ud
BBVA256|PUNTO DE REPARACIÓN DE INSTALACIÓN DE FONTANERÍA, INCLUYENDO LOS TRABAJOS DE APERTURA Y CIERRE DE|PUNTO DE REPARACIÓN DE INSTALACIÓN DE FONTANERÍA, INCLUYENDO LOS TRABAJOS DE APERTURA Y CIERRE DE LA ZONA PARA LA DETECCIÓN DE LA AVERÍA Y LOS MATERIALES DE FONTANERÍA NECESARIOS PARA SU REPARACIÓN (SIN ACABADOS FINALES). INCLUSO COMPROBACIÓ|BBVA|Actuación Técnica|Fontanería|153,11|199|ud
BBVA065|SUMINISTRO E INSTALACIÓN DE PLACA COCCIÓN DE GAS DE 60X60CM, INCLUIDOS TODOS LOS TRABAJOS PARA LA|SUMINISTRO E INSTALACIÓN DE PLACA COCCIÓN DE GAS DE 60X60CM, INCLUIDOS TODOS LOS TRABAJOS PARA LA CORRECTA EJECUCIÓN Y CONEXIONADO A LA INSTALACIÓN EXISTENTE. QUEDAN EXPRESAMENTE EXCLUIDOS LOS TRABAJOS DE ADAPTACIÓN DE LA INSTALACIÓN DE GAS A|BBVA|Actuación Técnica|Electrodomésticos|220|286|ud
BBVA036|PLÁSTICO LISO, M² ADICIONAL (A PARTIR DE 10 M²) SOBRE CUALQUIER PARAMENTO, I/P.P. PREPARACIÓN DE|PLÁSTICO LISO, M² ADICIONAL (A PARTIR DE 10 M²) SOBRE CUALQUIER PARAMENTO, I/P.P. PREPARACIÓN DE LAS SUPERFICIES (ELIMINACIÓN DE CAPA DE PINTURA, LIJADO Y EMPLASTECIDO) Y DOS MANOS DE ACABADO. TOTALMENTE TERMINADO I/P.P. DE MEDIOS AUXILIARES Y|BBVA|Actuación Técnica|PINTURA|3,7|4,81|ud
BBVA213|RECOLOCACIÓN DE PUERTA ANTIOCUPA|RECOLOCACIÓN DE PUERTA ANTIOCUPA|BBVA|Actuación Técnica|Colocación puertas antiocupa|225|292,5|m2
BBVA214|DESMONTAJE Y REPARACIÓN DE PUERTA ANTIOCUPA|DESMONTAJE Y REPARACIÓN DE PUERTA ANTIOCUPA|BBVA|Actuación Técnica|Colocación puertas antiocupa|225|292,5|m2
BBVA215|INSTALACIÓN DE CEPO|INSTALACIÓN DE CEPO|BBVA|Actuación Técnica|Cepo Garaje|70|91|ud
BBVA216|BLOQUEO DE ACCESOS|BLOQUEO DE ACCESOS|BBVA|Actuación Técnica|Aseguramiento de Accesos|46,15|60|ud
BBVA217|TAPADO CON FÁBRICA DE LADRILLO O BLOQUE DE HORMIGÓN INCLUIDO ENFOSCADO|TAPADO CON FÁBRICA DE LADRILLO O BLOQUE DE HORMIGÓN INCLUIDO ENFOSCADO|BBVA|Actuación Técnica|Albañilería|48,6|63,18|ml
BBVA218|TAPADO CON MALLA ANTIPÁJAROS|TAPADO CON MALLA ANTIPÁJAROS|BBVA|Actuación Técnica|Albañilería|20|26|m2
BBVA219|TAPADO DE HUECO CON TABLERO DE MADERA|TAPADO DE HUECO CON TABLERO DE MADERA|BBVA|Actuación Técnica|Albañilería|35|45,5|m2
BBVA220|TAPADO CON CHAPA METÁLICA GALVANIZADA|TAPADO CON CHAPA METÁLICA GALVANIZADA|BBVA|Actuación Técnica|Albañilería|32,5|42,25|m2
BBVA221|DESTAPIADO DE CUALQUIER TIPO|DESTAPIADO DE CUALQUIER TIPO|BBVA|Actuación Técnica|Albañilería|18|23,4|m2
BBVA222|SUMINISTRO DE COPIA DE LLAVE CONVENCIONAL|SUMINISTRO DE COPIA DE LLAVE CONVENCIONAL|BBVA|Actuación Técnica|Copia de llaves|3|3,9|m2
BBVA223|OBTENCIÓN LLAVES ZONAS COMUNES (COPIAS INCLUIDAS)|OBTENCIÓN LLAVES ZONAS COMUNES (COPIAS INCLUIDAS)|BBVA|Actuación Técnica|Copia de llaves|39|50,7|m2
BBVA224|SELLADO DE VIDRIO CON SILICONA O GOMAS|SELLADO DE VIDRIO CON SILICONA O GOMAS|BBVA|Actuación Técnica|Cristalería|6,14|7,98|m2
BBVA037|GOTELET, ACABADO PLÁSTICO, M²ADICIONAL (A PARTIR DE 10 M²) SOBRE CUALQUIER PARAMENTO, I/P.P. PREP|GOTELET, ACABADO PLÁSTICO, M²ADICIONAL (A PARTIR DE 10 M²) SOBRE CUALQUIER PARAMENTO, I/P.P. PREPARACIÓN DE LAS SUPERFICIES (ELIMINACIÓN DE CAPA DE PINTURA, LIJADO Y EMPLASTECIDO) Y DOS MANOS DE ACABADO. TOTALMENTE TERMINADO I/P.P. DE MEDIOS A|BBVA|Actuación Técnica|PINTURA|4,42|5,75|m2
BBVA226|DEMOLICIÓN MURO FÁBRICA 1 PIE (I/REVESTIMIENTO)|DEMOLICIÓN MURO FÁBRICA 1 PIE (I/REVESTIMIENTO)|BBVA|Actuación Técnica|Albañilería|15,64|20,33|ml
BBVA227|DEMOLICIÓN MURO FÁBRICA 1/2 PIE (I/REVESTIMIENTO)|DEMOLICIÓN MURO FÁBRICA 1/2 PIE (I/REVESTIMIENTO)|BBVA|Actuación Técnica|Albañilería|10,94|14,22|m2
BBVA228|DEMOLICIÓN TABIQUE (I/REVESTIMIENTO)|DEMOLICIÓN TABIQUE (I/REVESTIMIENTO)|BBVA|Actuación Técnica|Albañilería|8,57|11,14|m2
BBVA229|DEMOLICIÓN DE REVESTIMIENTOS CERÁMICOS O PIEDRA NATURAL SIN RECUPERACIÓN.|DEMOLICIÓN DE REVESTIMIENTOS CERÁMICOS O PIEDRA NATURAL SIN RECUPERACIÓN.|BBVA|Actuación Técnica|Albañilería|7,28|9,46|m2
BBVA230|DEMOLICIÓN DE ZÓCALOS O RODAPIÉS CERÁMICO, PIEDRA NATURAL O SIMILAR SIN RECUPERACIÓN.|DEMOLICIÓN DE ZÓCALOS O RODAPIÉS CERÁMICO, PIEDRA NATURAL O SIMILAR SIN RECUPERACIÓN.|BBVA|Actuación Técnica|Albañilería|4,9|6,37|m2
BBVA063|SUMINISTRO E INSTALACIÓN DE HOJA DE PUERTA ABATIBLE INTERIOR DE HASTA 100 CMS GAMA MEDIA EN ACABADO |SUMINISTRO E INSTALACIÓN DE HOJA DE PUERTA ABATIBLE INTERIOR DE HASTA 100 CMS GAMA MEDIA EN ACABADO LACADO BLANCO O EN MADERA BARNIZADA, INCLUYENDO: PUERTA, BISAGRAS Y MANETAS. INCLUIDOS TODOS LOS TRABAJOS NECESARIOS PARA LA CORRECTA EJECUCIÓN|BBVA|Actuación Técnica|Carpintería|175|227,5|ud
BBVA232|LEVANTADO DE ACRISTALAMIENTO DE CUALQUIER TIPO|LEVANTADO DE ACRISTALAMIENTO DE CUALQUIER TIPO|BBVA|Actuación Técnica|Cristalería|6,06|7,88|m2
BBVA233|DESMONTAJE DE BARANDILLA O VALLADO|DESMONTAJE DE BARANDILLA O VALLADO|BBVA|Actuación Técnica|Desmontado cercado|8,92|11,6|m2
BBVA234|PICADO DE PARAMENTOS ENYESADOS Y ENFOSCADOS|PICADO DE PARAMENTOS ENYESADOS Y ENFOSCADOS|BBVA|Actuación Técnica|Albañilería|7,5|9,75|m2
BBVA235|FÁBRICA DE LADRILLO H/D. INCLUSO RECIBIDO DE PRECERCOS SI PROCEDE|FÁBRICA DE LADRILLO H/D. INCLUSO RECIBIDO DE PRECERCOS SI PROCEDE|BBVA|Actuación Técnica|Albañilería|20|26|m2
BBVA236|FÁBRICA DE LADRILLO H/S. INCLUSO RECIBIDO DE PRECERCOS SI PROCEDE|FÁBRICA DE LADRILLO H/S. INCLUSO RECIBIDO DE PRECERCOS SI PROCEDE|BBVA|Actuación Técnica|Albañilería|16,91|21,98|ud
BBVA237|FORMACIÓN DE TABIQUE DE PLADUR|FORMACIÓN DE TABIQUE DE PLADUR|BBVA|Actuación Técnica|Albañilería|26,25|34,13|ud
BBVA238|ENFOSCADO MAESTREADO EN PARAMENTOS|ENFOSCADO MAESTREADO EN PARAMENTOS|BBVA|Actuación Técnica|Albañilería|10|13|ud
BBVA239|FORMACIÓN DE FALSO TECHO ESCAYOLA|FORMACIÓN DE FALSO TECHO ESCAYOLA|BBVA|Actuación Técnica|Albañilería|17,29|22,48|ud
BBVA240|FORMACIÓN DE FALSO TECHO PLADUR|FORMACIÓN DE FALSO TECHO PLADUR|BBVA|Actuación Técnica|Albañilería|23,31|30,3|ud
BBVA241|FALSO TECHO REGISTRABLE DE FIBRAS (I/PERFILERÍA)|FALSO TECHO REGISTRABLE DE FIBRAS (I/PERFILERÍA)|BBVA|Actuación Técnica|Albañilería|20,25|26,33|ud
BBVA242|FALSO TECHO REGISTRABLE DE FIBRAS (SOLO PLACAS)|FALSO TECHO REGISTRABLE DE FIBRAS (SOLO PLACAS)|BBVA|Actuación Técnica|Albañilería|11,66|15,16|m2
BBVA243|REPARACIÓN DE PERSIANA EN LOCAL COMERCIAL CON MATERIAL, EXCEPTO MOTORES.|REPARACIÓN DE PERSIANA EN LOCAL COMERCIAL CON MATERIAL, EXCEPTO MOTORES.|BBVA|Actuación Técnica|Carpintería|95|123,5|ud
BBVA244|DESBLOQUEO DE MOTORES EN PERSIANAS|DESBLOQUEO DE MOTORES EN PERSIANAS|BBVA|Actuación Técnica|Carpintería|40|52|ml
BBVA066|SUMINISTRO Y COLOCACIÓN DE AMUEBLAMIENTO DE COCINA GAMA BAJA-ECONÓMICA, COMPUESTA POR 3,5M DE MUEB|SUMINISTRO Y COLOCACIÓN DE AMUEBLAMIENTO DE COCINA GAMA BAJA-ECONÓMICA, COMPUESTA POR 3,5M DE MUEBLES BAJOS CON ZÓCALO INFERIOR Y UN MÓDULO DE MUEBLES ALTOS DE 80CM, ACABADO LAMINADO, CANTOS VERTICALES POST FORMADOS. INCLUSO ZÓCALO INFERIOR, Y|BBVA|Actuación Técnica|Mobiliario de Cocina|750|975|ud
BBVA197|APERTURA Y CIERRE DE ROZAS/CALAS EN FALSO TECHO CONTINUO/TABIQUE/PARED MAESTRA/SUELO O SIMILAR, INCL|APERTURA Y CIERRE DE ROZAS/CALAS EN FALSO TECHO CONTINUO/TABIQUE/PARED MAESTRA/SUELO O SIMILAR, INCLUSO P/P DE REPLANTEO, CORTES, LIMPIEZA, ACOPIO, RETIRADA Y CARGA MANUAL DE ESCOMBROS SOBRE VEHÍCULO O CONTENEDOR. (MÁX 3M2). SIN ACABADO FINAL.|BBVA|Actuación Técnica|Albañilería|79,86|103,82|ud
BBVA263|REVESTIMIENTO PINTURA PARA EXTERIORES EN FACHADA HASTA 10M² CON PINTURA ACRÍLICA PLÁSTICA LISO, M|REVESTIMIENTO PINTURA PARA EXTERIORES EN FACHADA HASTA 10M² CON PINTURA ACRÍLICA PLÁSTICA LISO, MATE, APLICADA CON RODILLO, IMPERMEABLE AL AGUA, EN PARAMENTOS VERTICALES Y HORIZONTALES DE FACHADA, SOBRE CUALQUIER TIPO DE SOPORTE, I/PREPARACIÓN|BBVA|Actuación Técnica|PINTURA|110|143|ud
BBVA022|VALLADO CON BLOQUE DE HORMIGÓN, HASTA UNA ALTURA DE 2 M ENFOSCADO, CON PILARES CADA 3M, MAESTREADO |VALLADO CON BLOQUE DE HORMIGÓN, HASTA UNA ALTURA DE 2 M ENFOSCADO, CON PILARES CADA 3M, MAESTREADO Y PINTDO EN BLANCO. UNIDAD TOTALMENTE TERMINADA. INCLUYE TODAS LAS PARTIDAS COMPLEMENTARIAS PARA LA CORRECTA EJECUCIÓN DEL MISMO, INCLUSO GESTIÓN|BBVA|Actuación Técnica|Vallado|54,3|70,59|ud
BBVA024|SUMINISTRO E INSTALACIÓN PUERTA ABATIBLE DE VEHÍCULOS DE MALLA O CHAPA GALVANIZADA, CANDADO O CERR|SUMINISTRO E INSTALACIÓN PUERTA ABATIBLE DE VEHÍCULOS DE MALLA O CHAPA GALVANIZADA, CANDADO O CERRADURA INCLUIDO. UNIDAD TOTALMENTE TERMINADA. INCLUYE TODAS LAS PARTIDAS COMPLEMENTARIAS PARA LA CORRECTA EJECUCIÓN DEL MISMO, INCLUSO GESTIÓN DE R|BBVA|Actuación Técnica|Vallado|280|364|ud
BBVA250|SUSTITUCIÓN DE SUMIDERO|SUSTITUCIÓN DE SUMIDERO|BBVA|Actuación Técnica|Albañilería|60|78|ud
BBVA251|SUMINISTRO Y COLOCACIÓN DE CANALÓN|SUMINISTRO Y COLOCACIÓN DE CANALÓN|BBVA|Actuación Técnica|Albañilería|40,6|53|ud
BBVA058|SUMINISTRO Y COLOCACIÓN DE VALLA TRASLADABLE DE OBRA O SIMILAR DE 3,50X2,00 M, FORMADA POR PANEL DE |SUMINISTRO Y COLOCACIÓN DE VALLA TRASLADABLE DE OBRA O SIMILAR DE 3,50X2,00 M, FORMADA POR PANEL DE MALLA ELECTROSOLDADA Y POSTES VERTICALES, ACABADO GALVANIZADO, COLOCADOS SOBRE BASES PREFABRICADAS DE HORMIGÓN, CON MALLA DE OCULTACIÓN COLOCADA|BBVA|Actuación Técnica|Vallado|8,3|10,79|ud
BBVA088|TEMPLE LISO, M² ADICIONAL (A PARTIR DE 10 M²) SOBRE CUALQUIER PARAMENTO, I/P.P. PREPARACIÓN DE LA|TEMPLE LISO, M² ADICIONAL (A PARTIR DE 10 M²) SOBRE CUALQUIER PARAMENTO, I/P.P. PREPARACIÓN DE LAS SUPERFICIES (ELIMINACIÓN DE CAPA DE PINTURA, LIJADO Y EMPLASTECIDO) Y DOS MANOS DE ACABADO. TOTALMENTE TERMINADO I/P.P. DE MEDIOS AUXILIARES Y LI|BBVA|Actuación Técnica|PINTURA|2,97|3,86|ud
BBVA090|GOTELET, ACABADO PLÁSTICO, HASTA 10 M2 SOBRE CUALQUIER PARAMENTO, I/P.P. PREPARACIÓN DE LAS SUPERF|GOTELET, ACABADO PLÁSTICO, HASTA 10 M2 SOBRE CUALQUIER PARAMENTO, I/P.P. PREPARACIÓN DE LAS SUPERFICIES (ELIMINACIÓN DE CAPA DE PINTURA, LIJADO Y EMPLASTECIDO) Y DOS MANOS DE ACABADO. TOTALMENTE TERMINADO I/P.P. DE MEDIOS AUXILIARES Y LIMPIEZA.|BBVA|Actuación Técnica|PINTURA|79,64|103,53|ud
BBVA125|REPARACIÓN DE HUMEDADES EN CUBIERTA CON IMPERMEABILIZANTE, APLICADO SOBRE HORMIGÓN, ENFOSCADO O LA|REPARACIÓN DE HUMEDADES EN CUBIERTA CON IMPERMEABILIZANTE, APLICADO SOBRE HORMIGÓN, ENFOSCADO O LADRILLO, CON UN ESPESOR MEDIO DE 1 CM, PREVIA LIMPIEZA Y PREPARACIÓN DEL SOPORTE, I/P.P. DE TRATAMIENTO DE JUNTAS, LISTA PARA VERTIDO O APLICACIÓN.|BBVA|Actuación Técnica|Albañilería|14,93|19,41|ud
BBVA183|SUMINISTRO Y APLICACIÓN DE DOS CAPAS DE PINTURA PLÁSTICA BLANCA EN INMUEBLE (HASTA 150 M2 O 5 HABI|SUMINISTRO Y APLICACIÓN DE DOS CAPAS DE PINTURA PLÁSTICA BLANCA EN INMUEBLE (HASTA 150 M2 O 5 HABITACIONES) VERTICALES/HORIZONTALES , SOBRE SUPERFICIES DE COLORES BLANCOS Y NEUTROS. PARA MAYORES SUPERFICIES O HABITACIONES SE REALIZARÁ VALORACIÓ|BBVA|Actuación Técnica|PINTURA|823,5|1071|ud
BBVA257|SUSTITUCIÓN DE LATIGUILLOS (AGUA FRÍA Y CALIENTE)|SUSTITUCIÓN DE LATIGUILLOS (AGUA FRÍA Y CALIENTE)|BBVA|Actuación Técnica|Fontanería|26,66|35|m2
BBVA258|SUSTITUCIÓN DE SIFONES SIMPLE O DOBLE (PVC/PLOMO) O VÁLVULAS Y REBOSADERO CON DESAGÜES|SUSTITUCIÓN DE SIFONES SIMPLE O DOBLE (PVC/PLOMO) O VÁLVULAS Y REBOSADERO CON DESAGÜES|BBVA|Actuación Técnica|Fontanería|45,6|59,28|m2
BBVA259|SUMINISTRO E INSTALACIÓN GRIFO SENCILLO TOMA AGUA DE LIMPIEZA O LAVADORA|SUMINISTRO E INSTALACIÓN GRIFO SENCILLO TOMA AGUA DE LIMPIEZA O LAVADORA|BBVA|Actuación Técnica|Fontanería|36,09|46,92|m2
BBVA260|SUSTITUCIÓN MANGUITO GAS BUTANO|SUSTITUCIÓN MANGUITO GAS BUTANO|BBVA|Actuación Técnica|Fontanería|57,5|74,75|ud
BBVA261|SUSTITUCIÓN LLAVE DE CORTE GAS BUTANO|SUSTITUCIÓN LLAVE DE CORTE GAS BUTANO|BBVA|Actuación Técnica|Fontanería|57,5|74,75|ud
BBVA186|SUMINISTRO Y EJECUCIÓN DE INSTALACIÓN ELÉCTRICA NUEVA EN VIVIENDA,SUPERFICIAL CON CANALETA/CANALI|SUMINISTRO Y EJECUCIÓN DE INSTALACIÓN ELÉCTRICA NUEVA EN VIVIENDA,SUPERFICIAL CON CANALETA/CANALIZACIONES EXISTENTES.INCL. TRABAJOS AGUAS ABAJO DEL CUADRO(NO INCLUIDO EL CUADRO).EXCLUIDO:ACOMETIDA.POTENCIA A CONTRATAR:HASTA 5500W-VIVIENDA HASTA|BBVA|Actuación Técnica|Electricidad|1755|2282|ud
BBVA264|REVESTIMIENTO PINTURA PARA EXTERIORES EN FACHADA, M² ADICIONAL (A PARTIR DE 10M²) PINTURA ACRÍLIC|REVESTIMIENTO PINTURA PARA EXTERIORES EN FACHADA, M² ADICIONAL (A PARTIR DE 10M²) PINTURA ACRÍLICA PLÁSTICA LISO, MATE, APLICADA CON RODILLO, IMPERMEABLE AL AGUA, EN PARAMENTOS VERTICALES Y HORIZONTALES DE FACHADA, SOBRE CUALQUIER TIPO DE SOPOR|BBVA|Actuación Técnica|PINTURA|6,42|8|ud
BBVA023|SUMINISTRO E INSTALACIÓN PUERTA METÁLICA DE MALLA O CHAPA DE ACERO GALVANIZADO PARA ACCESO PEATONA|SUMINISTRO E INSTALACIÓN PUERTA METÁLICA DE MALLA O CHAPA DE ACERO GALVANIZADO PARA ACCESO PEATONAL (0,8-1M) DE PASO, CANDADO O CERRADURA INCLUIDO. UNIDAD TOTALMENTE TERMINADA. INCLUYE TODAS LAS PARTIDAS COMPLEMENTARIAS PARA LA CORRECTA EJECUCIÓ|BBVA|Actuación Técnica|Vallado|148|192,4|ud
BBVA265|PAVIMENTO FLOTANTE SINTÉTICO|PAVIMENTO FLOTANTE SINTÉTICO|BBVA|Actuación Técnica|Albañilería|27,72|36,04|ud
BBVA266|PAVIMENTO DE TARIMA DE MADERA FLOTANTE|PAVIMENTO DE TARIMA DE MADERA FLOTANTE|BBVA|Actuación Técnica|Albañilería|32,7|42,51|ud
BBVA187|SUMINISTRO Y EJECUCIÓN DE INSTALACIÓN ELÉCTRICA NUEVA EN VIVIENDA,SUPERFICIAL CON CANALETA/CANALI|SUMINISTRO Y EJECUCIÓN DE INSTALACIÓN ELÉCTRICA NUEVA EN VIVIENDA,SUPERFICIAL CON CANALETA/CANALIZACIONES EXISTENTES.INCL. TRABAJOS AGUAS ABAJO DEL CUADRO(NO INCLUIDO EL CUADRO).EXCLUIDO:ACOMETIDA.POTENCIA A CONTRATAR:HASTA 5500W-VIVIENDA 121-20|BBVA|Actuación Técnica|Electricidad|2003|2604|ml
BBVA268|EMISIÓN Y ADECUACIÓN BOLETÍN AGUA (SIN INCLUIR ADECUACIÓN)|EMISIÓN Y ADECUACIÓN BOLETÍN AGUA (SIN INCLUIR ADECUACIÓN)|BBVA|Actuación Técnica|Boletín agua|115|300|ud
BBVA269|EMISIÓN Y ADECUACIÓN BOLETÍN LUZ (SIN INCLUIR ADECUACIÓN)|EMISIÓN Y ADECUACIÓN BOLETÍN LUZ (SIN INCLUIR ADECUACIÓN)|BBVA|Actuación Técnica|Boletín electricidad|115|300|ud
BBVA270|EMISIÓN Y ADECUACIÓN BOLETÍN GAS (SIN INCLUIR ADECUACIÓN)|EMISIÓN Y ADECUACIÓN BOLETÍN GAS (SIN INCLUIR ADECUACIÓN)|BBVA|Actuación Técnica|Boletín gas|115|300|ud
BBVA271|OBTENCIÓN DUPLICADO DE BOLETINES AGUA|OBTENCIÓN DUPLICADO DE BOLETINES AGUA|BBVA|Actuación Técnica|Boletín agua|75|150|ud
BBVA272|OBTENCIÓN DUPLICADO DE BOLETINES LUZ|OBTENCIÓN DUPLICADO DE BOLETINES LUZ|BBVA|Actuación Técnica|Boletín electricidad|75|150|ud
BBVA273|OBTENCIÓN DUPLICADO DE BOLETINES GAS|OBTENCIÓN DUPLICADO DE BOLETINES GAS|BBVA|Actuación Técnica|Boletín gas|75|150|ud
BBVA274|OBTENCIÓN CEE|OBTENCIÓN CEE|BBVA|Actuación Técnica|Certificado Eficiencia Energética (CEE)|50|85|ud
BBVA275|VISITA INFRUCTUOSA|VISITA INFRUCTUOSA|BBVA|Actuación Técnica|INTERVENCIÓN|25|40|ud
BBVA276|EXTRA CERRADURA GAMA BAJA|EXTRA CERRADURA GAMA BAJA|BBVA|Actuación Técnica|Cambio de cerradura|65|85|UD
BBVA277|EXTRA CERRADURA GAMA MEDIA|EXTRA CERRADURA GAMA MEDIA|BBVA|Actuación Técnica|Cambio de cerradura|75|98|UD
BBVA278|EXTRA CERRADURA GAMA ALTA|EXTRA CERRADURA GAMA ALTA|BBVA|Actuación Técnica|Cambio de cerradura|115|150|UD
BBVA279|EXTRA CERRADURA GAMA SEGURIDAD|EXTRA CERRADURA GAMA SEGURIDAD|BBVA|Actuación Técnica|Cambio de cerradura|140|190|UD
BBVA280|INFORME OCUPACIONAL|INFORME OCUPACIONAL|BBVA|Actuación Técnica|Informe ocupación|60|80|UD
BBVA281|SOLICITUD DE PRESUPUESTO|SOLICITUD DE PRESUPUESTO|BBVA|Actuación Técnica|INTERVENCIÓN|0|0|UD
BBVA282|INFORME DE LOCALIZACIÓN|INFORME DE LOCALIZACIÓN|BBVA|Actuación Técnica|Informes|90|150|UD
BBVA188|SUMINISTRO Y EJECUCIÓN DE INSTALACIÓN ELÉCTRICA NUEVA EN VIVIENDA,SUPERFICIAL CON CANALETA/CANALI|SUMINISTRO Y EJECUCIÓN DE INSTALACIÓN ELÉCTRICA NUEVA EN VIVIENDA,SUPERFICIAL CON CANALETA/CANALIZACIONES EXISTENTES.INCL. TRABAJOS AGUAS ABAJO DEL CUADRO(INCLUIDO EL CUADRO).EXCLUIDO:ACOMETIDA.POTENCIA A CONTRATAR:HASTA 5500W-VIVIENDA HASTA 120|BBVA|Actuación Técnica|Electricidad|1955|2542|m2
BBVA189|SUMINISTRO Y EJECUCIÓN DE INSTALACIÓN ELÉCTRICA NUEVA EN VIVIENDA,SUPERFICIAL CON CANALETA/CANALI|SUMINISTRO Y EJECUCIÓN DE INSTALACIÓN ELÉCTRICA NUEVA EN VIVIENDA,SUPERFICIAL CON CANALETA/CANALIZACIONES EXISTENTES.INCL. TRABAJOS AGUAS ABAJO DEL CUADRO(INCLUIDO EL CUADRO).EXCLUIDO:ACOMETIDA.POTENCIA A CONTRATAR:HASTA 5500W-VIVIENDA 121-200 M|BBVA|Actuación Técnica|Electricidad|2203|2650|m2
BBVA190|SUM.Y EJECUCIÓN DE INST.ELÉCTRICA NUEVA EN VIVIENDA,SUPERFICIAL CON CANALETA/CANALIZACIONES EXISTE|SUM.Y EJECUCIÓN DE INST.ELÉCTRICA NUEVA EN VIVIENDA,SUPERFICIAL CON CANALETA/CANALIZACIONES EXISTENTES Y TRABAJOS AGUAS ABAJO DEL CUADRO(NO INCLUIDO CUADRO)EXCLUIDO:ACOMETIDA.POTENCIA CONTRAT:HASTA 7500W-VIV.HASTA 120 M2(MÁS DE 200M2 O 7500W PRE|BBVA|Actuación Técnica|Electricidad|2038,74|3027|ud
BBVA191|SUM.Y EJECUCIÓN DE INST.ELÉCTRICA NUEVA EN VIVIENDA,SUPERFICIAL CON CANALETA/CANALIZACIONES EXISTE|SUM.Y EJECUCIÓN DE INST.ELÉCTRICA NUEVA EN VIVIENDA,SUPERFICIAL CON CANALETA/CANALIZACIONES EXISTENTES Y TRABAJOS AGUAS ABAJO DEL CUADRO(NO INCLUIDO CUADRO)EXCLUIDO:ACOMETIDA.POTENCIA CONTRAT:HASTA 7500W-VIV.121-200M2(MÁS DE 200M2 O 7500W PRESUP|BBVA|Actuación Técnica|Electricidad|2328,14|2864|m2
BBVA192|SUM.Y EJECUCIÓN DE INST.ELÉCTRICA NUEVA EN VIVIENDA,SUPERFICIAL CON CANALETA/CANALIZACIONES EXISTE|SUM.Y EJECUCIÓN DE INST.ELÉCTRICA NUEVA EN VIVIENDA,SUPERFICIAL CON CANALETA/CANALIZACIONES EXISTENTES Y TRABAJOS AGUAS ABAJO DEL CUADRO(INCLUIDO CUADRO)EXCLUIDO:ACOMETIDA.POTENCIA CONTRAT:HASTA 7500W-VIV.HASTA 120 M2(MÁS DE 200M2 O 7500W PRESUP|BBVA|Actuación Técnica|Electricidad|2339,99|3042|m2
BBVA193|SUM.Y EJECUCIÓN DE INST.ELÉCTRICA NUEVA EN VIVIENDA,SUPERFICIAL CON CANALETA/CANALIZACIONES EXISTE|SUM.Y EJECUCIÓN DE INST.ELÉCTRICA NUEVA EN VIVIENDA,SUPERFICIAL CON CANALETA/CANALIZACIONES EXISTENTES Y TRABAJOS AGUAS ABAJO DEL CUADRO(INCLUIDO CUADRO)EXCLUIDO:ACOMETIDA.POTENCIA CONTRAT:HASTA 7500W-VIV.121-200M2(MÁS DE 200M2 O 7500W PRESUPUES|BBVA|Actuación Técnica|Electricidad|2629,39|3418|ud
BBVA212|VALLADO CON FÁBRICA DE LADRILLO CERÁMICO MACIZO HASTA UNA ALTURA DE 2M, ENFOSCADO, CON PILARES CAD|VALLADO CON FÁBRICA DE LADRILLO CERÁMICO MACIZO HASTA UNA ALTURA DE 2M, ENFOSCADO, CON PILARES CADA 3M, MAESTREADO Y PINTADO EN BLANCO. UNIDAD TOTALMENTE TERMINADA. INCLUYE TODAS LAS PARTIDAS COMPLEMENTARIAS PARA LA CORRECTA EJECUCIÓN DEL MISMO,|BBVA|Actuación Técnica|Vallado|45|59|m2
BBVA248|SUSTITUCIÓN DE PUERTA O PANEL INDIVIDUAL DE MOBILIARIO DE COCINA (PUERTA, CAJÓN, ZÓCALO INFERIOR,|SUSTITUCIÓN DE PUERTA O PANEL INDIVIDUAL DE MOBILIARIO DE COCINA (PUERTA, CAJÓN, ZÓCALO INFERIOR, REMATE DE EXTRACTORA CON FALSO TECHO, ETC.), GAMA MEDIA.CON AJUSTE, ACABADO, INCLUIDO RETODARA Y TRANSPORTE A VERTEDERO DEL ELEMNTO SUSTITUIDO, I/L|BBVA|Actuación Técnica|Mobiliario de Cocina|55|72|ud
BBVA255|CUADRO ELÉCTRICO GENERAL DE VIVIENDA FORMADO POR ENVOLVENTE, PUERTA PARA VARIOS ELEMENTOS, EMBARRAD|CUADRO ELÉCTRICO GENERAL DE VIVIENDA FORMADO POR ENVOLVENTE, PUERTA PARA VARIOS ELEMENTOS, EMBARRADO, CABLEADO, CONEXIONADO Y PROTECCIONES, INCLUIDO LA CONEXIÓN AL CABLEADO EXISTENTE Y PRUEBA DE LA INSTALACIÓN CERTIFICADA POR UN INSTALADOR AUTOR|BBVA|Actuación Técnica|Electricidad|200|260|ud
BBVA175|VALLADO COMPUESTO POR PANELES OPACOS DE CHAPA GALVANIZADO DE DE 2M DE ALTURA Y 0,6 MM ESPESOR, INCLU|VALLADO COMPUESTO POR PANELES OPACOS DE CHAPA GALVANIZADO DE DE 2M DE ALTURA Y 0,6 MM ESPESOR, INCLUIDOS POSTES DE SUJECIÓN CADA 2M. UNIDAD TOTALMENTE TERMINADA. INCLUYE TODAS LAS PARTIDAS COMPLEMENTARIAS PARA LA CORRECTA EJECUCIÓN DEL MISMO, INC|BBVA|Actuación Técnica|Vallado|29,22|38|ud
BBVA168|SUMINISTRO E INSTALACIÓN DE PUERTA ABATIBLE BLOCK INTERIOR DE HASTA 100 CMS GAMA MEDIA EN ACABADO |SUMINISTRO E INSTALACIÓN DE PUERTA ABATIBLE BLOCK INTERIOR DE HASTA 100 CMS GAMA MEDIA EN ACABADO LACADO BLANCO O EN MADERA BARNIZADA, INCLUYENDO: PUERTA, BISAGRAS, BATIENTES, TAPETAS Y MANETAS. INCLUIDOS TODOS LOS TRABAJOS NECESARIOS PARA LA CORR|BBVA|Actuación Técnica|Carpintería|245,6|319|ml
BBVA169|SUMINISTRO E INSTALACIÓN DE PUERTA ABATIBLE DE ENTRADA EN BLOCK DE HASTA 100 CMS BLINDADA (GAMA MED|SUMINISTRO E INSTALACIÓN DE PUERTA ABATIBLE DE ENTRADA EN BLOCK DE HASTA 100 CMS BLINDADA (GAMA MEDIA) EN ACABADO DE MELAMINA, INCLUYENDO: PUERTA, BISAGRAS, BATIENTES, TAPETAS, CERRADURA, POMO Y MANETAS. INCLUIDOS TODOS LOS TRABAJOS NECESARIOS PAR|BBVA|Actuación Técnica|Carpintería|557,51|725|ml
BBVA295|VALLADO MÓVIL (ML)|VALLADO MÓVIL (ML)|BBVA|Actuación Técnica|Vallado|12,31|16|UD
BBVA296|VALLADO FIJO (ML)|VALLADO FIJO (ML)|BBVA|Actuación Técnica|Vallado|17,52|22,78|UD
BBVA297|TRATAMIENTOS D.D.D/ SUP. ACTIVO ? 90 M2|TRATAMIENTOS D.D.D/ SUP. ACTIVO ? 90 M2|BBVA|Actuación Técnica|Desinfección|145,26|189|UD
BBVA298|TRATAMIENTOS D.D.D/ 90 M2 < SUP. ACTIVO ? 150 M2|TRATAMIENTOS D.D.D/ 90 M2 < SUP. ACTIVO ? 150 M2|BBVA|Actuación Técnica|Desinfección|200|260|UD
BBVA299|TRATAMIENTOS D.D.D/ 150 M2 < SUP. ACTIVO ? 500 M2|TRATAMIENTOS D.D.D/ 150 M2 < SUP. ACTIVO ? 500 M2|BBVA|Actuación Técnica|Desinfección|269,23|350|UD
BBVA300|TRATAMIENTOS D.D.D/ 500 M2 < SUP. ACTIVO ? 2000 M2|TRATAMIENTOS D.D.D/ 500 M2 < SUP. ACTIVO ? 2000 M2|BBVA|Actuación Técnica|Desinfección|469,23|610|UD
BBVA301|TRATAMIENTOS D.D.D/ 2.000 M2 < SUP. ACTIVO ? 5.000 M2|TRATAMIENTOS D.D.D/ 2.000 M2 < SUP. ACTIVO ? 5.000 M2|BBVA|Actuación Técnica|Desinfección|746,15|970|UD
BBVA302|TRATAMIENTOS D.D.D/ 5.000 M2 < SUP. ACTIVO ? 10.000 M2|TRATAMIENTOS D.D.D/ 5.000 M2 < SUP. ACTIVO ? 10.000 M2|BBVA|Actuación Técnica|Desinfección|1692,31|2200|UD
BBVA303|TRATAMIENTOS D.D.D/ 10.000 M2 < SUP. ACTIVO ? 20.000 M2|TRATAMIENTOS D.D.D/ 10.000 M2 < SUP. ACTIVO ? 20.000 M2|BBVA|Actuación Técnica|Desinfección|2307,69|3000|UD
BBVA304|TRATAMIENTOS D.D.D/ 20.000 M2 < SUP. ACTIVO ? 30.000 M2|TRATAMIENTOS D.D.D/ 20.000 M2 < SUP. ACTIVO ? 30.000 M2|BBVA|Actuación Técnica|Desinfección|3076,92|4000|UD
BBVA305|TRATAMIENTOS D.D.D/ 30.000 M2 < SUP. ACTIVO ? 40.000 M2|TRATAMIENTOS D.D.D/ 30.000 M2 < SUP. ACTIVO ? 40.000 M2|BBVA|Actuación Técnica|Desinfección|3923,08|5100|UD
BBVA306|TRATAMIENTOS D.D.D/ 40.000 M2 < SUP. ACTIVO ? 50.000 M2|TRATAMIENTOS D.D.D/ 40.000 M2 < SUP. ACTIVO ? 50.000 M2|BBVA|Actuación Técnica|Desinfección|4846,15|6300|UD
BBVA307|TRATAMIENTOS D.D.D/ SUP. ACTIVO > 50.000 M2|TRATAMIENTOS D.D.D/ SUP. ACTIVO > 50.000 M2|BBVA|Actuación Técnica|Desinfección|6000|7800|UD
BBVA308|INFORME TÉNICO VIVIENDA SOCIAL|INFORME TÉNICO VIVIENDA SOCIAL|BBVA|Actuación Técnica|Informes|92,31|120|UD
BBVA309|INFORME TÉNICO VIVIENDA SOCIAL Y CEE|INFORME TÉNICO VIVIENDA SOCIAL Y CEE|BBVA|Actuación Técnica|Informes|146,15|190|UD
BBVA310|SERVICIO INFORME - CUESTIONARIO Y REPORTAJE FOTOGRÁFICO|SERVICIO INFORME - CUESTIONARIO Y REPORTAJE FOTOGRÁFICO|BBVA|Actuación Técnica|Informes|46,15|60|UD
BBVA311|OBTENCION DE BOLETINES Y/O CERTIFICADO: PCI ( GARAJE )|OBTENCION DE BOLETINES Y/O CERTIFICADO: PCI ( GARAJE )|BBVA|Actuación Técnica|Obtención certificados y documentación|115,38|150|UD
BBVA312|REPORTAJE FOTOGRAFICO/ SUP. ACTIVO ? 90 M2|REPORTAJE FOTOGRAFICO/ SUP. ACTIVO ? 90 M2|BBVA|Actuación Técnica|FOTOGRAFÍA|15,38|20|UD
BBVA313|REPORTAJE FOTOGRAFICO/ 90 M2 < SUP. ACTIVO ? 150 M2|REPORTAJE FOTOGRAFICO/ 90 M2 < SUP. ACTIVO ? 150 M2|BBVA|Actuación Técnica|FOTOGRAFÍA|15,38|20|ml
BBVA314|REPORTAJE FOTOGRAFICO/ 150 M2 < SUP. ACTIVO ? 500 M2|REPORTAJE FOTOGRAFICO/ 150 M2 < SUP. ACTIVO ? 500 M2|BBVA|Actuación Técnica|FOTOGRAFÍA|19,23|25|UD
BBVA315|REPORTAJE FOTOGRAFICO/ ACTIVOS SINGULARES, SUP. ACTIVO > 500 M2|REPORTAJE FOTOGRAFICO/ ACTIVOS SINGULARES, SUP. ACTIVO > 500 M2|BBVA|Actuación Técnica|FOTOGRAFÍA|23,08|30|UD
BBVA316|LIMPIEZA DE FACHADAS/ SUPERFICIE DE FACHADA ? 90 M2|LIMPIEZA DE FACHADAS/ SUPERFICIE DE FACHADA ? 90 M2|BBVA|Actuación Técnica|LIMPIEZA|115,38|150|UD
BBVA317|LIMPIEZA DE FACHADAS/ 90 M2 < SUPERFICIE DE FACHADA ? 150 M2|LIMPIEZA DE FACHADAS/ 90 M2 < SUPERFICIE DE FACHADA ? 150 M2|BBVA|Actuación Técnica|LIMPIEZA|207,69|270|UD
BBVA318|LIMPIEZA DE FACHADAS/ 150 M2 < SUPERFICIE DE FACHADA ? 500 M2|LIMPIEZA DE FACHADAS/ 150 M2 < SUPERFICIE DE FACHADA ? 500 M2|BBVA|Actuación Técnica|LIMPIEZA|423,08|550|UD
BBVA319|LIMPIEZA DE FACHADAS/ SUPERFICIE DE FACHADA > 500 M2|LIMPIEZA DE FACHADAS/ SUPERFICIE DE FACHADA > 500 M2|BBVA|Actuación Técnica|LIMPIEZA|1153,85|1500|UD
BBVA320|LIMPIEZA DE CANALON/ LIMPIEZA DE CANALÓN (ML)|LIMPIEZA DE CANALON/ LIMPIEZA DE CANALÓN (ML)|BBVA|Actuación Técnica|LIMPIEZA|16,15|21|UD
BBVA321|LIMPIEZA DE GRAFFITTI/ LIMPIEZA DE GRAFFITTI (UD)|LIMPIEZA DE GRAFFITTI/ LIMPIEZA DE GRAFFITTI (UD)|BBVA|Actuación Técnica|LIMPIEZA|74,62|97|UD
BBVA322|ACOMPAÑAMIENTO GENERAL|ACOMPAÑAMIENTO GENERAL|BBVA|Actuación Técnica|Acompañamiento|38,46|50|m2
BBVA323|RETIRADA DE NIDOS (UD)|RETIRADA DE NIDOS (UD)|BBVA|Actuación Técnica|Retirada Animales|53,08|69|UD
BBVA324|RETIRADA DE BUZÓN (UD)|RETIRADA DE BUZÓN (UD)|BBVA|Actuación Técnica|Retirada de enseres|28,31|36,8|UD
BBVA325|RETIRADA DE TOLDO (UD)|RETIRADA DE TOLDO (UD)|BBVA|Actuación Técnica|Retirada de enseres|42,31|55|UD
BBVA326|RECOGIDA DE TOLDO Y COLOCACIÓN CON SUJECCIÓN (UD)|RECOGIDA DE TOLDO Y COLOCACIÓN CON SUJECCIÓN (UD)|BBVA|Actuación Técnica|Retirada de enseres|46,15|60|UD
BBVA327|DESMONTAJE Y MONTAJE DE PERSIANA ENROLLABLE (UD)|DESMONTAJE Y MONTAJE DE PERSIANA ENROLLABLE (UD)|BBVA|Actuación Técnica|Carpintería|47,8|62,14|UD
BBVA328|SUMINISTRO DE PERSIANA ENROLLABLE PVC (UD)|SUMINISTRO DE PERSIANA ENROLLABLE PVC (UD)|BBVA|Actuación Técnica|Carpintería|68,75|89,37|UD
BBVA329|REPARACIÓN/SUMINISTRO DE PAVIMENTO FLOTANTE SINTÉTICO, TARIMA, PARQUET.. (M2)|REPARACIÓN/SUMINISTRO DE PAVIMENTO FLOTANTE SINTÉTICO, TARIMA, PARQUET.. (M2)|BBVA|Actuación Técnica|Albañilería|34,65|45,04|UD
BBVA330|SUMINISTRO E INSTALACION DE LONA DE PISCINA/ SUMINISTRO E INSTALACIÓN DE LONA DE PISCINA (UD)|SUMINISTRO E INSTALACION DE LONA DE PISCINA/ SUMINISTRO E INSTALACIÓN DE LONA DE PISCINA (UD)|BBVA|Actuación Técnica|Mobiliario|307,69|400|UD
BBVA331|DESMONTAJE Y MONTAJE DE APARATOS SANITARIOS (INCLUSO BAÑERA O PLATO DE DUCHA) (UD)|DESMONTAJE Y MONTAJE DE APARATOS SANITARIOS (INCLUSO BAÑERA O PLATO DE DUCHA) (UD)|BBVA|Actuación Técnica|Fontanería|48,12|62,56|UD
BBVA332|SUMINISTRO E INSTALACIÓN DE APARATOS SANITARIOS (INCLUSO BAÑERA O PLATO DE DUCHA) (UD)|SUMINISTRO E INSTALACIÓN DE APARATOS SANITARIOS (INCLUSO BAÑERA O PLATO DE DUCHA) (UD)|BBVA|Actuación Técnica|Fontanería|96,15|125|UD
BBVA333|REPARACIÓN PUNTUAL EN SANITARIO (UD)|REPARACIÓN PUNTUAL EN SANITARIO (UD)|BBVA|Actuación Técnica|Fontanería|38,46|50|UD
BBVA334|SUSTITUCIÓN DE ELEMENTOS DE SANEAMIENTO (UD)|SUSTITUCIÓN DE ELEMENTOS DE SANEAMIENTO (UD)|BBVA|Actuación Técnica|Fontanería|46,92|61|UD
BBVA335|SELLADO DE SANITARIOS CON SILICONA/|SELLADO DE SANITARIOS CON SILICONA/|BBVA|Actuación Técnica|Fontanería|23,64|31|UD
BBVA336|DESMONTAJE Y MONTAJE DE GRIFERÍA (UD)|DESMONTAJE Y MONTAJE DE GRIFERÍA (UD)|BBVA|Actuación Técnica|Fontanería|21,73|28,25|UD
BBVA337|SUMINISTRO E INSTALACIÓN DE GRIFERÍA (UD)|SUMINISTRO E INSTALACIÓN DE GRIFERÍA (UD)|BBVA|Actuación Técnica|Fontanería|54,62|71|UD
BBVA338|DESMONTAJE Y MONTAJE DE RADIADOR (UD)|DESMONTAJE Y MONTAJE DE RADIADOR (UD)|BBVA|Actuación Técnica|Fontanería|31,54|41|UD
BBVA339|SUMINISTRO Y COLOCACIÓN DE RADIADOR (UD)|SUMINISTRO Y COLOCACIÓN DE RADIADOR (UD)|BBVA|Actuación Técnica|Fontanería|77,69|101|UD
BBVA340|SUMINISTRO E INSTALACIÓN DE SUMIDERO SIFÓNICO DE PVC (UD)|SUMINISTRO E INSTALACIÓN DE SUMIDERO SIFÓNICO DE PVC (UD)|BBVA|Actuación Técnica|Fontanería|39,23|51|UD
BBVA341|SUMINISTRO Y COLOCACIÓN DE REJILLA SUMIDERO (UD)|SUMINISTRO Y COLOCACIÓN DE REJILLA SUMIDERO (UD)|BBVA|Actuación Técnica|Fontanería|38,46|50|UD
BBVA342|REPOSICIÓN DE TAPA DE BOTE SIFÓNICO (UD)|REPOSICIÓN DE TAPA DE BOTE SIFÓNICO (UD)|BBVA|Actuación Técnica|Fontanería|22,08|28,7|UD
BBVA343|SUMINISTRO E INSTALACIÓN DE BARRA DE DUCHA Y TELÉFONO (UD)|SUMINISTRO E INSTALACIÓN DE BARRA DE DUCHA Y TELÉFONO (UD)|BBVA|Actuación Técnica|Fontanería|51,38|66,8|ml
BBVA344|SUMINISTRO E INSTALACIÓN DE TAPÓN CROMADO (UD)|SUMINISTRO E INSTALACIÓN DE TAPÓN CROMADO (UD)|BBVA|Actuación Técnica|Fontanería|10,59|13,77|ml
BBVA345|SUMINISTRO Y COLOCACIÓN DE TAPA DE WC O BIDÉ (UD)|SUMINISTRO Y COLOCACIÓN DE TAPA DE WC O BIDÉ (UD)|BBVA|Actuación Técnica|Fontanería|22,31|29|UD
BBVA346|SUSTITUCIÓN DE MECANISMO DE CISTERNA (UD)|SUSTITUCIÓN DE MECANISMO DE CISTERNA (UD)|BBVA|Actuación Técnica|Fontanería|28,67|37,26|UD
BBVA347|SUSTITUCIÓN DE PUERTA DE CONTADOR DE AGUA (UD)|SUSTITUCIÓN DE PUERTA DE CONTADOR DE AGUA (UD)|BBVA|Actuación Técnica|Fontanería|37,69|49|UD
BBVA348|SUMINISTRO Y COLOCACIÓN DE PORTARROLLOS/TOALLERO (UD)|SUMINISTRO Y COLOCACIÓN DE PORTARROLLOS/TOALLERO (UD)|BBVA|Actuación Técnica|Fontanería|30|39|UD
BBVA349|REPARACIÓN DE HUMEDADES (HASTA 15 M2)|REPARACIÓN DE HUMEDADES (HASTA 15 M2)|BBVA|Actuación Técnica|Albañilería|208,88|271,55|UD
BBVA350|SELLADO DE VIDRIO CON SILICONA O GOMAS (ML)|SELLADO DE VIDRIO CON SILICONA O GOMAS (ML)|BBVA|Actuación Técnica|Cristalería|5,31|6,9|m2
BBVA351|SELLADO EXTERIOR DE VENTANAS/BALCONERA DE CARPINTERÍA DE ALUMINIO (ML)|SELLADO EXTERIOR DE VENTANAS/BALCONERA DE CARPINTERÍA DE ALUMINIO (ML)|BBVA|Actuación Técnica|Cristalería|5,31|6,9|UD
BBVA352|VENTANA DE ALUMINIO (UD)|VENTANA DE ALUMINIO (UD)|BBVA|Actuación Técnica|Carpintería|215,85|280,6|UD
BBVA353|REVISION E INSTALACION DE AA/ SUP. ACTIVO ? 90 M2|REVISION E INSTALACION DE AA/ SUP. ACTIVO ? 90 M2|BBVA|Actuación Técnica|Electricidad|130,54|170|UD
BBVA354|REVISION E INSTALACION DE AA/ 90 M2 < SUP. ACTIVO ? 150 M2|REVISION E INSTALACION DE AA/ 90 M2 < SUP. ACTIVO ? 150 M2|BBVA|Actuación Técnica|Electricidad|136,35|177|UD
BBVA355|REVISION E INSTALACION DE AA/ 150 M2 < SUP. ACTIVO ? 500 M2|REVISION E INSTALACION DE AA/ 150 M2 < SUP. ACTIVO ? 500 M2|BBVA|Actuación Técnica|Electricidad|138,46|180|UD
BBVA356|REVISION E INSTALACION DE AA/ ACTIVOS SINGULARES, SUP. ACTIVO > 500 M2|REVISION E INSTALACION DE AA/ ACTIVOS SINGULARES, SUP. ACTIVO > 500 M2|BBVA|Actuación Técnica|Electricidad|249,65|325|UD
BBVA357|DESMONTAJE DE BARANDILLAS/REJAS (M2)|DESMONTAJE DE BARANDILLAS/REJAS (M2)|BBVA|Actuación Técnica|Desmontado cercado|7,89|10,26|UD
BBVA358|REPARACIÓN DE PUNTO DE LUZ O ENCHUFE (UD)|REPARACIÓN DE PUNTO DE LUZ O ENCHUFE (UD)|BBVA|Actuación Técnica|Electricidad|25,38|33|UD
BBVA359|SUMINISTRO Y COLOCACIÓN DE EMERGENCIAS DE 150 LUMENES (UD)|SUMINISTRO Y COLOCACIÓN DE EMERGENCIAS DE 150 LUMENES (UD)|BBVA|Actuación Técnica|Electricidad|43,35|56,35|UD
BBVA360|SUMINISTRO Y COLOCACIÓN DE TERMOSTATO DE AMBIENTE (UD)|SUMINISTRO Y COLOCACIÓN DE TERMOSTATO DE AMBIENTE (UD)|BBVA|Actuación Técnica|Electricidad|39,81|51,75|UD
BBVA361|TAPA REGISTRO (UD)|TAPA REGISTRO (UD)|BBVA|Actuación Técnica|Electricidad|15,38|20|UD
BBVA362|SUMINISTRO Y COLOCACIÓN DE TELEFONILLO EN VIVIENDA (UD)|SUMINISTRO Y COLOCACIÓN DE TELEFONILLO EN VIVIENDA (UD)|BBVA|Actuación Técnica|Electricidad|49,54|64,4|UD
BBVA363|SUMINISTRO Y COLOCACIÓN DE VIDEOPORTERO EN VIVIENDA (UD)|SUMINISTRO Y COLOCACIÓN DE VIDEOPORTERO EN VIVIENDA (UD)|BBVA|Actuación Técnica|Electricidad|406,46|528,4|UD
BBVA364|PUNTO DE CONEXIONADO PARA FUTURA INSTALACIÓN DE TELEFONÍA (UD)|PUNTO DE CONEXIONADO PARA FUTURA INSTALACIÓN DE TELEFONÍA (UD)|BBVA|Actuación Técnica|Electricidad|102,76|133,59|ml
BBVA365|SUMINISTRO E INSTALACIÓN DE BUZÓN (UD)|SUMINISTRO E INSTALACIÓN DE BUZÓN (UD)|BBVA|Actuación Técnica|Albañilería|18,46|24|m2
BBVA366|CAMBIO DE BOMBÍN, CERRADURA CONVENCIONAL O CANDADO (UD)|CAMBIO DE BOMBÍN, CERRADURA CONVENCIONAL O CANDADO (UD)|BBVA|Actuación Técnica|Cambio de cerradura|33,85|44|m2
BBVA367|COPIA JUEGO COMPLETO DE LLAVES|COPIA JUEGO COMPLETO DE LLAVES|BBVA|Actuación Técnica|Copia de llaves|43,59|56,67|m2
BBVA368|COPIA DE LLAVE PARA CANDADO DE ALTA SEGURIDAD|COPIA DE LLAVE PARA CANDADO DE ALTA SEGURIDAD|BBVA|Actuación Técnica|Copia de llaves|5,38|7|m2
BBVA369|APERTURA DE CIERRE MANUAL O MOTORIZADO (UD)|APERTURA DE CIERRE MANUAL O MOTORIZADO (UD)|BBVA|Actuación Técnica|Cambio de cerradura|30,77|40|m2
BBVA370|CANDADOS DE ALTA SEGURIDAD (UD)|CANDADOS DE ALTA SEGURIDAD (UD)|BBVA|Actuación Técnica|Cambio de cerradura|50|65|m2
BBVA371|CADENA DE ACERO ZINCADA (ML)|CADENA DE ACERO ZINCADA (ML)|BBVA|Actuación Técnica|Cambio de cerradura|4,94|6,42|m2
BBVA372|TAPADO DE HUECO EN PARAMENTO VERTICAL (FÁBRICA O PLADUR) (M2)|TAPADO DE HUECO EN PARAMENTO VERTICAL (FÁBRICA O PLADUR) (M2)|BBVA|Actuación Técnica|Albañilería|23,85|31|m2
BBVA373|TAPADO DE HUECOS CON CHAPA METÁLICA GALVANIZADA (M2)|TAPADO DE HUECOS CON CHAPA METÁLICA GALVANIZADA (M2)|BBVA|Actuación Técnica|Albañilería|25|32,5|UD
BBVA374|TAPADO DE HUECO CON TABLERO HIDRÓFUGO (M2)|TAPADO DE HUECO CON TABLERO HIDRÓFUGO (M2)|BBVA|Actuación Técnica|Albañilería|38,24|49,71|UD
BBVA375|TAPADO DE HUECO CON POLICARBONATO COMPACTO (M2)|TAPADO DE HUECO CON POLICARBONATO COMPACTO (M2)|BBVA|Actuación Técnica|Albañilería|34,62|45|m2
BBVA376|TAPADO DE HUECO CON POLICARBONATO CELULAR (M2)|TAPADO DE HUECO CON POLICARBONATO CELULAR (M2)|BBVA|Actuación Técnica|Albañilería|31,67|41,17|m2
BBVA377|TAPADO DE HUECO CON MALLA DE GALLINERO (M2)|TAPADO DE HUECO CON MALLA DE GALLINERO (M2)|BBVA|Actuación Técnica|Albañilería|15,38|20|m2
BBVA378|DEMOLICIÓN Y/O RETIRADA DE TAPADOS (M2)|DEMOLICIÓN Y/O RETIRADA DE TAPADOS (M2)|BBVA|Actuación Técnica|Albañilería|13,85|18|UD
BBVA379|CHAPA DE ACERO GALVANIZADO (M2)|CHAPA DE ACERO GALVANIZADO (M2)|BBVA|Actuación Técnica|Albañilería|34,62|45|UD
BBVA380|DESMONTAJE Y RETIRADA DE VENTANA ANTI-OKUPA (UD)|DESMONTAJE Y RETIRADA DE VENTANA ANTI-OKUPA (UD)|BBVA|Actuación Técnica|Colocación puertas antiocupa|66,15|86|UD
BBVA381|TRABAJOS DE SOLDADURA (PA)|TRABAJOS DE SOLDADURA (PA)|BBVA|Actuación Técnica|Albañilería|30,77|40|UD
BBVA382|MALLA ELECTROSOLDADA (M2)|MALLA ELECTROSOLDADA (M2)|BBVA|Actuación Técnica|Albañilería|18,32|23,81|UD
BBVA383|MALLA ELECTROSOLDADA DE 5MM (M2)|MALLA ELECTROSOLDADA DE 5MM (M2)|BBVA|Actuación Técnica|Albañilería|22,57|29,34|UD
BBVA384|MALLA ELECTROSOLDADA DE 5MM CON BASTIDOR (M2)|MALLA ELECTROSOLDADA DE 5MM CON BASTIDOR (M2)|BBVA|Actuación Técnica|Albañilería|25,8|33,54|UD
